브랜드,상호,주소,군구,위도,경도
스타벅스,역삼아레나빌딩,서울특별시 강남구 언주로 425 (역삼동),강남구,37.501087,127.043069
스타벅스,논현역사거리,서울특별시 강남구 강남대로 538 (논현동),강남구,37.510178,127.022223
스타벅스,신사역성일빌딩,서울특별시 강남구 강남대로 584 (논현동),강남구,37.5139309,127.0206057
스타벅스,국기원사거리,서울특별시 강남구 테헤란로 125 (역삼동),강남구,37.499517,127.031495
스타벅스,대치재경빌딩,서울특별시 강남구 남부순환로 2947 (대치동),강남구,37.494668,127.062583
스타벅스,봉은사역,서울특별시 강남구 봉은사로 619 (삼성동),강남구,37.515000,127.063196
스타벅스,압구정윤성빌딩,서울특별시 강남구 논현로 834 (신사동),강남구,37.5227934,127.0286009
스타벅스,코엑스별마당,서울특별시 강남구 영동대로 513 (삼성동),강남구,37.510150,127.060275
스타벅스,삼성역섬유센터R,서울특별시 강남구 테헤란로 518 (대치동),강남구,37.507750,127.060651
스타벅스,압구정R,서울특별시 강남구 언주로 861 (신사동),강남구,37.5273669,127.033061
스타벅스,수서역R,서울특별시 강남구 광평로 281 (수서동),강남구,37.488008,127.102650
스타벅스,양재강남빌딩R,서울특별시 강남구 남부순환로 2621 (도곡동),강남구,37.485192,127.036685
스타벅스,선릉동신빌딩R,서울특별시 강남구 테헤란로 409 (삼성동),강남구,37.505321,127.050409
스타벅스,봉은사로선정릉,서울특별시 강남구 봉은사로 446 (삼성동),강남구,37.51131683405367,127.04846338902248
스타벅스,강남오거리,서울특별시 강남구 봉은사로2길 39 (역삼동),강남구,37.502117,127.026672
스타벅스,스타필드코엑스몰R,서울특별시 강남구 영동대로 513 (삼성동) 코엑스 A106호,강남구,37.50999,127.061455
스타벅스,강남구청정문,서울특별시 강남구 학동로 419 (청담동),강남구,37.518181,127.045995
스타벅스,도곡공원,서울특별시 강남구 도곡로 205 (역삼동),강남구,37.492805,127.041309
스타벅스,강남R,서울특별시 강남구 강남대로 390 (역삼동),강남구,37.497711,127.028439
스타벅스,대치은마사거리,서울특별시 강남구 도곡로 457 (대치동),강남구,37.498973,127.060172
스타벅스,청담영동대로,서울특별시 강남구 영동대로 720 (청담동),강남구,37.522156,127.056449
스타벅스,압구정,서울특별시 강남구 압구정로30길 17 (신사동),강남구,37.526283,127.02956
스타벅스,신사가로수,서울특별시 강남구 가로수길 59 ,강남구,37.521933,127.022521
스타벅스,청담스타R,서울특별시 강남구 도산대로57길 24 (청담동),강남구,37.525216,127.041827
스타벅스,강남우성,서울특별시 강남구 강남대로 328 (역삼동),강남구,37.492396,127.03091
스타벅스,학동사거리,서울특별시 강남구 도산대로 328 (논현동),강남구,37.52236449999999,127.03795430000002
스타벅스,대치사거리,서울특별시 강남구 삼성로 402 (대치동),강남구,37.503331,127.058817
스타벅스,포스코사거리,서울특별시 강남구 테헤란로 505 (삼성동) 화진빌딩,강남구,37.5075307,127.05742710000004
스타벅스,을지병원사거리,"서울특별시 강남구 논현로 752 (논현동,구산빌딩)",강남구,37.5191632,127.0286446
스타벅스,신사역,서울특별시 강남구 도산대로 108 (논현동) 렉스타워,강남구,37.5162021,127.0207428
스타벅스,도곡역,서울특별시 강남구 남부순환로 2909 (대치동),강남구,37.492167,127.057398
스타벅스,서울세관사거리,서울특별시 강남구 언주로 650 (논현동) 한국건설기술인협회,강남구,37.514887,127.035653
스타벅스,청담사거리,서울특별시 강남구 도산대로 458 (청담동) 리츠타워,강남구,37.5236351,127.04686509999999
스타벅스,한티역,"서울특별시 강남구 도곡로 408, 디마크빌딩 101호 (대치동)",강남구,37.496801,127.055055
스타벅스,역삼초교사거리,서울특별시 강남구 역삼로 123 (역삼동),강남구,37.4941059,127.03299730000003
스타벅스,코엑스몰,서울특별시 강남구 영동대로 513 (삼성동) O103호,강남구,37.513715,127.059245
스타벅스,가로수길,"서울특별시 강남구 논현로175길 94, 1~2층 (신사동)",강남구,37.5231593,127.02162499999997
스타벅스,역삼대로,"서울특별시 강남구 테헤란로 211, 한국고등교육재단빌딩 1층 (역삼동)",강남구,37.501623,127.039375
스타벅스,역삼포스코,"서울특별시 강남구 테헤란로 134, P&S TOWER (역삼동)",강남구,37.499721,127.033582
스타벅스,강남대로,"서울특별시 강남구 강남대로 456, 한석타워 2층 1-2호 (역삼동)",강남구,37.50314,127.025546
스타벅스,청담,"서울특별시 강남구 도산대로 532, 인희빌딩 1층 (청담동)",강남구,37.5243631,127.05155990000003
스타벅스,삼성도심공항,서울특별시 강남구 테헤란로87길 33 (삼성동),강남구,37.5097863,127.05791339999996
스타벅스,삼성교,"서울특별시 강남구 영동대로86길 12, 동남유화빌딩 1층",강남구,37.507794,127.06517
스타벅스,학동역,서울특별시 강남구 논현로 704 (논현동),강남구,37.51464884,127.0307302
스타벅스,대치,서울특별시 강남구 도곡로 511 (대치동),강남구,37.49966175,127.0622171
스타벅스,신세계푸드마켓도곡,"서울특별시 강남구 언주로30길 57, 타워팰리스Ⅱ F 지하1층 (도곡동)",강남구,37.490298,127.054895
스타벅스,삼성,"서울특별시 강남구 테헤란로 443, 애플트리타워 1층 (삼성동)",강남구,37.50689645929321,127.05571872453659
스타벅스,선릉세화빌딩,서울특별시 강남구 테헤란로64길 18 (대치동) 1층,강남구,37.50377562,127.051196
스타벅스,압구정역,"서울특별시 강남구 압구정로 170, 관영빌딩 1층 지하1층 (신사동)",강남구,37.52674095,127.0281105
스타벅스,압구정로,서울특별시 강남구 압구정로42길 32 (신사동),강남구,37.52680046,127.0347174
스타벅스,구역삼사거리,서울특별시 강남구 논현로 401 (역삼동),강남구,37.49592355,127.0388645
스타벅스,큰길타워,"서울특별시 강남구 테헤란로 223, 큰길타워빌딩 (역삼동)",강남구,37.50236693,127.0407
스타벅스,강남구청역,"서울특별시 강남구 선릉로 669, 웰빙센터 1층 (논현동)",강남구,37.5165849,127.04124330000002
스타벅스,대치역,서울특별시 강남구 남부순환로 2936 (대치동) 107호,강남구,37.493554,127.061874
스타벅스,포이,서울특별시 강남구 논현로 88 (개포동),강남구,37.47781106,127.0451411
스타벅스,아크플레이스,서울특별시 강남구 테헤란로 142 (역삼동),강남구,37.49971982,127.0349084
스타벅스,학여울역,서울특별시 강남구 영동대로 215 (대치동),강남구,37.49803646,127.0684943
스타벅스,선정릉역,서울특별시 강남구 봉은사로 407 (삼성동) 에프오빌딩,강남구,37.51075489999999,127.04455970000003
스타벅스,삼성현대힐,서울특별시 강남구 삼성로 605 (삼성동),강남구,37.51350444312708,127.05273753314826
스타벅스,GS타워,서울특별시 강남구 논현로 508 (역삼동),강남구,37.5018592,127.03727759999992
스타벅스,압구정미소,서울특별시 강남구 논현로 841 (신사동),강남구,37.523912710310014,127.02807214378778
스타벅스,선릉역,"서울특별시 강남구 테헤란로 334, LG화재 빌딩 (역삼동)",강남구,37.50393894,127.0485135
스타벅스,코엑스사거리,서울특별시 강남구 영동대로 616 (삼성동),강남구,37.515351,127.060109
스타벅스,역삼럭키,서울특별시 강남구 도곡로 183 (역삼동),강남구,37.492209,127.039389
스타벅스,신압구정,서울특별시 강남구 언주로174길 29 (신사동),강남구,37.528115,127.036441
스타벅스,아크로힐스논현,"서울특별시 강남구 봉은사로 304, 금강빌딩 1-2층 (역삼동)",강남구,37.509013311862645,127.0403523996554
스타벅스,강남비젼타워,"서울특별시 강남구 테헤란로2길 27, 1층 101호 (역삼동)",강남구,37.4964557,127.02968850000002
스타벅스,압구정로데오역,"서울특별시 강남구 선릉로 836, 삼원빌딩 1,2층 (청담동)",강남구,37.526549,127.040437
스타벅스,르네상스사거리,서울특별시 강남구 테헤란로 306 (역삼동),강남구,37.502721,127.044308
스타벅스,포스코,"서울특별시 강남구 삼성로86길 7, 1층 (대치동)",강남구,37.50576457783876,127.05804488086114
스타벅스,선릉로,"서울특별시 강남구 선릉로93길 22, 대흥빌딩 1층 (역삼동)",강남구,37.50498118534617,127.0468080752464
스타벅스,논현힐탑,서울특별시 강남구 논현로 648 (논현동),강남구,37.51159269029387,127.03219311069766
스타벅스,도산가로수길,"서울특별시 강남구 도산대로 134, 2층 (논현동)",강남구,37.51736229999999,127.02329570000006
스타벅스,대치한티,서울특별시 강남구 선릉로 324 (대치동),강남구,37.4984818,127.052066
스타벅스,개포동,서울특별시 강남구 선릉로 34 (개포동),강남구,37.4828551359882,127.0607152444621
스타벅스,수서역사거리,서울특별시 강남구 광평로 280 (수서동),강남구,37.4873267937748,127.103140081887
스타벅스,코엑스아셈타워,서울특별시 강남구 영동대로 517 (삼성동),강남구,37.513019,127.059838
스타벅스,센터필드R,서울특별시 강남구 테헤란로 231 (역삼동),강남구,37.50369465391196,127.04172081609172
스타벅스,도산사거리,서울특별시 강남구 언주로 727 (논현동),강남구,37.51966,127.0341
스타벅스,강남세곡,서울특별시 강남구 헌릉로569길 18 (세곡동),강남구,37.467274319644,127.099929726
스타벅스,대치삼성,서울특별시 강남구 영동대로 237 (대치동),강남구,37.500313,127.066961
스타벅스,언주역,서울특별시 강남구 봉은사로 222 (역삼동),강남구,37.50777565616907,127.0365882862214
스타벅스,강남역신분당역사,서울특별시 강남구 강남대로 396 (역삼동),강남구,37.4970572543978,127.028180714381
스타벅스,삼성역,서울특별시 강남구 테헤란로 620 (대치동),강남구,37.509206962541256,127.06560851480327
스타벅스,테헤란로아남타워,서울특별시 강남구 테헤란로 311 (역삼동),강남구,37.50383,127.04487
스타벅스,강남논현,서울특별시 강남구 강남대로 512 (논현동),강남구,37.5078978596254,127.023338614644
스타벅스,삼성동,서울특별시 강남구 영동대로96길 12 (삼성동),강남구,37.510843366121534,127.06363342044263
스타벅스,청담역,서울특별시 강남구 삼성로 709 (청담동),강남구,37.5194407323478,127.049552661542
스타벅스,압구정현대아파트,서울특별시 강남구 논현로175길 38 (신사동),강남구,37.52521971236768,127.0256601858147
스타벅스,역삼이마트,서울특별시 강남구 역삼로 310 (역삼동),강남구,37.499367,127.048425
스타벅스,강남세곡DT,서울특별시 강남구 헌릉로 727 (세곡동),강남구,37.466993809277,127.118330806807
스타벅스,미아뉴타운,서울특별시 강북구 삼양로 161 (미아동),강북구,37.618319,127.021072
스타벅스,강북구청사거리,서울특별시 강북구 도봉로 365 (수유동),강북구,37.639987861152015,127.0274331199793
스타벅스,미아사거리역,서울특별시 강북구 도봉로 32 (미아동),강북구,37.611809,127.0306971
스타벅스,수유역,서울특별시 강북구 도봉로 342 (번동),강북구,37.6380167,127.02613500000007
스타벅스,미아역,서울특별시 강북구 도봉로 196 (미아동),강북구,37.626148,127.026578
스타벅스,파라스파라서울,서울특별시 강북구 삼양로 689 (우이동) 파라스파라서울 지하1층,강북구,37.66419549576315,127.01040728594249
스타벅스,발산역사거리,서울특별시 강서구 공항대로 248 (마곡동),강서구,37.558509,126.835096
스타벅스,마곡역,서울특별시 강서구 공항대로 168 (마곡동),강서구,37.559611,126.826298
스타벅스,우장산역,서울특별시 강서구 강서로 267 (내발산동),강서구,37.549510038803994,126.83606164803061
스타벅스,마곡사이언스타워R,서울특별시 강서구 마곡동로 62 (마곡동),강서구,37.5605261,126.833887
스타벅스,방화DT,서울특별시 강서구 방화대로 375 (방화동),강서구,37.574456834773024,126.81648812379821
스타벅스,마곡나루역,서울특별시 강서구 마곡중앙로 161-17 (마곡동),강서구,37.56813,126.82614
스타벅스,마곡GMG,"서울특별시 강서구 마곡중앙6로 16 (마곡동) 117,118,119,120호",강서구,37.560487,126.829667
스타벅스,가양역,서울특별시 강서구 양천로 476 (등촌동),강서구,37.561640,126.853327
스타벅스,화곡DT,서울특별시 강서구 등촌로 57 (화곡동),강서구,37.5350107501795,126.86318804786
스타벅스,양천향교역,서울특별시 강서구 강서로 463 (마곡동),강서구,37.566964,126.840731
스타벅스,화곡동,서울특별시 강서구 화곡로 142(화곡동),강서구,37.540619019726435,126.83738800870792
스타벅스,등촌,서울특별시 강서구 공항대로 329 (등촌동),강서구,37.5582043,126.84433919999992
스타벅스,염창역,서울특별시 강서구 공항대로 627 (염창동),강서구,37.547359,126.874436
스타벅스,발산역,서울특별시 강서구 강서로 388 (등촌동) 그랜드마트,강서구,37.56033,126.839279
스타벅스,까치산역,서울특별시 강서구 강서로13길 3 (화곡동),강서구,37.5323235082489,126.84612332664443
스타벅스,염창대로,"서울특별시 강서구 양천로 744 (염창동), 101호",강서구,37.5485479128966,126.878259347206
스타벅스,발산역5번출구,"서울특별시 강서구 강서로52길 43 (내발산동, DH647), 1층 일부",강서구,37.5579224739977,126.84054030692
스타벅스,화곡역8번출구,"서울특별시 강서구 강서로 179 (화곡동), 1층 일부",강서구,37.54227920628,126.839299954553
스타벅스,강서우장산,"서울특별시 강서구 강서로 231 (화곡동, 우장산역 해링턴 타워), 116/117/118/119/120호",강서구,37.54661114997271,126.83611326062484
스타벅스,등촌대로,"서울특별시 강서구 공항대로 543 (염창동, 센터스퀘어)",강서구,37.55101,126.86638
스타벅스,가양역사거리,"서울특별시 강서구 화곡로 416 (등촌동) 가양더스카이벨리5차 지식산업센터 101, 102, 114,~117호",강서구,37.56007,126.855372
스타벅스,내발산,"서울특별시 강서구 강서로 323 (내발산동), 101/102호",강서구,37.55467,126.83672
스타벅스,마곡웰튼,"서울특별시 강서구 마곡중앙5로 22 (마곡동), 104/105/106호",강서구,37.5671428910102,126.825315150636
스타벅스,김포공항DT,서울특별시 강서구 개화동로 517 (방화동),강서구,37.56627942080141,126.8060664470359
스타벅스,강서NC,서울특별시 강서구 강서로56길 17 (등촌동),강서구,37.560088,126.840534
스타벅스,마곡나루공원,서울특별시 강서구 마곡중앙5로 47 (마곡동),강서구,37.567007,126.822246
스타벅스,송정역,"서울특별시 강서구 공항대로 38 (공항동), 1층 일부",강서구,37.56105570786667,126.81150987871888
스타벅스,강서구청사거리,서울특별시 강서구 화곡로 350 (화곡동),강서구,37.5549266,126.8523133
스타벅스,낙성대역,서울특별시 관악구 남부순환로 1908 (봉천동),관악구,37.477760129939064,126.96114261955485
스타벅스,관악서울대입구R,서울특별시 관악구 관악로 158 (봉천동),관악구,37.47932480888598,126.95270199623682
스타벅스,신림DT,서울특별시 관악구 남부순환로 1419 (신림동),관악구,37.480935,126.908407
스타벅스,서울대역,서울특별시 관악구 남부순환로 1817 (봉천동),관악구,37.48166265091104,126.9520164977362
스타벅스,낙성대DT,서울특별시 관악구 남부순환로 1948 (봉천동),관악구,37.476243169019526,126.96511724631266
스타벅스,사당,서울특별시 관악구 남부순환로 2082-25,관악구,37.476137,126.980928
스타벅스,보라매대교,서울특별시 관악구 보라매로3길 23 (봉천동) 1층,관악구,37.491449,126.925432
스타벅스,신림,서울특별시 관악구 신림로 355-1 (신림동),관악구,37.48609493,126.9291602
스타벅스,신림타임스트림,서울특별시 관악구 신림로 330 타임스트림 1층,관악구,37.48407101920536,126.93025831103377
스타벅스,서울대입구역,서울특별시 관악구 남부순환로 1812 (봉천동),관악구,37.481207389699065,126.95140060487287
스타벅스,서울대입구역8번출구,서울특별시 관악구 남부순환로 1831 (봉천동),관악구,37.4812061,126.9536942
스타벅스,봉천역,서울특별시 관악구 남부순환로 1730 (봉천동),관악구,37.4820375340064,126.942287792538
스타벅스,건국대,서울특별시 광진구 능동로 117 (화양동),광진구,37.5415592,127.0711244
스타벅스,어린이대공원역,서울특별시 광진구 능동로 243 (군자동),광진구,37.551946,127.076404
스타벅스,아차산역,서울특별시 광진구 천호대로 676 (구의동),광진구,37.550627971861786,127.08996418808603
스타벅스,올림픽대교북단,서울특별시 광진구 광나루로 608 (구의동),광진구,37.541129,127.09524
스타벅스,구의DT,서울특별시 광진구 광나루로 519 (구의동),광진구,37.54529838924125,127.0871967283424
스타벅스,자양사거리,서울특별시 광진구 아차산로 355,광진구,37.5371158,127.0825821
스타벅스,군자역,서울특별시 광진구 천호대로 548 (군자동) 중앙빌딩,광진구,37.557039737222325,127.07888067387708
스타벅스,광나루,"서울특별시 광진구 아차산로 607, 1,2층 (광장동)",광진구,37.5473711178786,127.106048727555
스타벅스,건대스타시티,서울특별시 광진구 아차산로 262 (자양동),광진구,37.538544,127.073009
스타벅스,건대입구,서울특별시 광진구 능동로 107 (화양동),광진구,37.5406604,127.07072249999999
스타벅스,구의역,서울특별시 광진구 아차산로 373 (구의동),광진구,37.53698,127.084015
스타벅스,광장,서울특별시 광진구 아차산로 537-17 (광장동),광진구,37.54261257747251,127.09964053100874
스타벅스,건국클래식,서울특별시 광진구 능동로 90 (자양동) 더 클래식500,광진구,37.538466,127.071271
스타벅스,건대후문,서울특별시 광진구 능동로 172 (화양동),광진구,37.54603056145237,127.07381934747977
스타벅스,중곡역,"서울특별시 광진구 능동로 400 (중곡동) 1층 108,109,110,111,112,118 6개호실",광진구,37.565057005115804,127.08445231025851
스타벅스,자양이마트,서울특별시 광진구 아차산로 272 (자양동) 지하1층,광진구,37.537817,127.072597
스타벅스,자양역,"서울특별시 광진구 능동로 18 (자양동, 이튼타워리버3차)",광진구,37.532684640479,127.067878503557
스타벅스,화양삼거리,서울특별시 광진구 광나루로 374 (화양동),광진구,37.54774853077512,127.07126924540047
스타벅스,군자사거리,서울특별시 광진구 천호대로 549 (중곡동) 1층,광진구,37.55769507399991,127.079087912222
스타벅스,금천구청역,"서울특별시 금천구 시흥대로73길 67 (시흥동), 엠메디컬타워 1층",금천구,37.45588672536701,126.89568245942294
스타벅스,가산에스케이,"서울특별시 금천구 가산디지털1로 171 (가산동), SK V1센터 1층",금천구,37.48082408602027,126.88100079322535
스타벅스,독산사거리,서울특별시 금천구 시흥대로 426 (독산동),금천구,37.47158263368701,126.89860551804541
스타벅스,금천시흥,서울특별시 금천구 시흥대로 164 (시흥동),금천구,37.44875938266414,126.90323875981919
스타벅스,가산디지털단지역,"서울특별시 금천구 벚꽃로 298 (가산동), 대륭포스트타워 6차 1층",금천구,37.48135375445197,126.88358906045958
스타벅스,금천독산,서울특별시 금천구 두산로 70 (독산동),금천구,37.46957081,126.89565779
스타벅스,가산디지털,"서울특별시 금천구 가산디지털1로 168 (가산동), 우림라이온스밸리 B동 1층",금천구,37.480050688166365,126.88246896653567
스타벅스,마리오아울렛,서울특별시 금천구 벚꽃로 266 마리오아울렛3관,금천구,37.47860691180926,126.88484825777416
스타벅스,가산브이타워,"서울특별시 금천구 가산디지털1로 128 (가산동), V-TOWER 1층",금천구,37.47700409645337,126.88355058577785
스타벅스,가산그레이트,"서울특별시 금천구 디지털로9길 32, 갑을그레이트밸리 1층 (가산동)",금천구,37.47955080325422,126.88727191931528
스타벅스,독산역,"서울특별시 금천구 가산디지털1로 16 (가산동), 107-2, 1층",금천구,37.46770966619833,126.88767404102677
스타벅스,가산퍼블릭,"서울특별시 금천구 디지털로 178 (가산동), B동 F Park 1층",금천구,37.47574363470601,126.88684803652211
스타벅스,가산현대아울렛,"서울특별시 금천구 디지털로10길 9 (가산동), 1층 일부",금천구,37.477680443,126.888840553
스타벅스,가산케이에스,"서울특별시 금천구 벚꽃로36길 30 (가산동), 가산KS타워 1층",금천구,37.48089352069766,126.88515566597013
스타벅스,월계역,"서울특별시 노원구 초안산로2라길26 월계동(104,105,106호)",노원구,37.6295,127.0574
스타벅스,월계트레이더스,서울특별시 노원구 마들로3길 15 (월계동),노원구,37.628005505180184,127.06135422465171
스타벅스,상계초교사거리,서울특별시 노원구 노원로 449 (상계동),노원구,37.656776,127.066442
스타벅스,공릉DT,서울특별시 노원구 동일로 1015 (공릉동),노원구,37.6206884,127.0743116
스타벅스,노원마들역,"서울특별시 노원구 노원로 569 (상계동, 임광아파트)",노원구,37.66096974571308,127.05790201020926
스타벅스,공릉역,서울특별시 노원구 동일로 1081 (공릉동),노원구,37.626337,127.072252
스타벅스,은행사거리,"서울특별시 노원구 중계로 217, 중흥빌딩 103,203호 (중계동)",노원구,37.65048737,127.0759861
스타벅스,노원KT,"서울특별시 노원구 노해로 502, (주)KT 노원사옥 (상계동)",노원구,37.654562,127.063617
스타벅스,광운대,서울특별시 노원구 석계로 104 (월계동),노원구,37.6231479,127.06070090000003
스타벅스,중계역,"서울특별시 노원구 동일로 1339, 대한빌딩 (상계동)",노원구,37.64817,127.062244
스타벅스,노원역,서울특별시 노원구 동일로 1413 (상계동) 1층,노원구,37.654751,127.060034
스타벅스,월계이마트,서울특별시 노원구 마들로3길 15 (월계동),노원구,37.626545552275125,127.06203271091593
스타벅스,태릉입구역DT,서울특별시 노원구 화랑로 469 (공릉동),노원구,37.61942,127.07932
스타벅스,노원상계,서울특별시 노원구 동일로215길 2 (상계동),노원구,37.651535,127.061026
스타벅스,창동이마트,서울특별시 도봉구 노해로65길 4 (창동),도봉구,37.651658491435505,127.04686598939148
스타벅스,쌍문역,서울특별시 도봉구 도봉로 480 (창동),도봉구,37.648456,127.034783
스타벅스,도봉구청,서울특별시 도봉구 마들로 665 (도봉동),도봉구,37.6695034764443,127.04603799266
스타벅스,쌍문도봉로,서울특별시 도봉구 도봉로 444 (창동),도봉구,37.6453516,127.0331011
스타벅스,도봉로DT,서울특별시 도봉구 도봉로 635 (쌍문동),도봉구,37.6611805929041,127.041630065957
스타벅스,방학역,"서울특별시 도봉구 도봉로 684 (방학동)101,102,113,114,115호",도봉구,37.6653125,127.0433125
스타벅스,창동역,서울특별시 도봉구 마들로13길 61 (창동),도봉구,37.6545021055909,127.049672533607
스타벅스,노량진동,"서울특별시 동작구 노량진로 190 (노량진동, 고려교육타워-어바니엘한강) 101호~105호",동작구,37.513068,126.946537
스타벅스,남성역,서울특별시 동작구 사당로 219 (사당동),동작구,37.4841198,126.9725739
스타벅스,상도역,서울특별시 동작구 상도로37길 1 (상도1동),동작구,37.5031936,126.9484581
스타벅스,보라매공원R,"서울특별시 동작구 보라매로5길 35 (신대방동, 파크스퀘어,보라매현대APT)",동작구,37.49191014040362,126.92354836012281
스타벅스,이수자이,서울특별시 동작구 사당로 300 (사당동 이수자이),동작구,37.484414,126.980047
스타벅스,노량진역,서울특별시 동작구 노량진로 134 (노량진동),동작구,37.51339,126.940879
스타벅스,신대방삼거리역,서울특별시 동작구 상도로 102 (상도동),동작구,37.50034872148687,126.93198758957686
스타벅스,중앙대,서울특별시 동작구 흑석로 75-1 (흑석동),동작구,37.506933,126.958125
스타벅스,숭실대입구역,서울특별시 동작구 상도로 354 (상도동),동작구,37.4968346,126.95271230000003
스타벅스,숭실대,서울특별시 동작구 사당로 4 (상도동),동작구,37.49538073,126.9548891
스타벅스,사당역,"서울특별시 동작구 동작대로 21, 양지빌딩 1-3층 (사당동)",동작구,37.47849216,126.9813456
스타벅스,서강대프라자,서울특별시 마포구 백범로 35 (신수동),마포구,37.551073,126.943096
스타벅스,상암YTN,서울특별시 마포구 상암산로 76 (상암동),마포구,37.579314265546294,126.89221044590168
스타벅스,마포용강동,서울특별시 마포구 토정로 295 (용강동),마포구,37.541186,126.942209
스타벅스,홍대입구역사거리R,서울특별시 마포구 양화로 125 (서교동),마포구,37.554636,126.92036
스타벅스,마포경찰서후문,서울특별시 마포구 마포대로 173-14 (아현동),마포구,37.550800,126.953432
스타벅스,공덕,서울특별시 마포구 마포대로 130 (공덕동),마포구,37.545913,126.952956
스타벅스,합정폴리스R,"서울특별시 마포구 양화로 45 (서교동, 메세나폴리스)",마포구,37.5509,126.9134
스타벅스,홍대공항철도역,서울특별시 마포구 양화로 178 (동교동),마포구,37.557491,126.925146
스타벅스,마포염리,서울특별시 마포구 독막로 311 (염리동),마포구,37.543876,126.94768
스타벅스,서강광흥창역,서울특별시 마포구 서강로 69 (창전동),마포구,37.549377,126.931661
스타벅스,합정,"서울특별시 마포구 월드컵로1길 14 (합정동) 마포한강푸르지오 110, 111, 112-2",마포구,37.54997888236882,126.91254036891405
스타벅스,서강대흥역,서울특별시 마포구 백범로 89-5 (대흥동),마포구,37.548178,126.941576
스타벅스,서교동사거리,서울특별시 마포구 양화로 105 (서교동),마포구,37.553376,126.918564
스타벅스,상암사보이시티,서울특별시 마포구 월드컵북로54길 17 (상암동),마포구,37.581462210224295,126.88878549621795
스타벅스,신촌오거리,서울특별시 마포구 신촌로16길 10 (노고산동),마포구,37.555137,126.934694
스타벅스,상암디지털큐브,서울특별시 마포구 상암산로 34,마포구,37.57613521806125,126.88892643460335
스타벅스,상수역,서울특별시 마포구 독막로 88 (상수동),마포구,37.5474817,126.92321579999998
스타벅스,공덕오거리,서울특별시 마포구 마포대로 86 (도화동) 창강빌딩,마포구,37.5424641,126.95057730000008
스타벅스,서강대,서울특별시 마포구 백범로 23 (신수동),마포구,37.5524584,126.9378262
스타벅스,상암MBC,서울특별시 마포구 성암로 267 (상암동),마포구,37.58094223885055,126.89158543354138
스타벅스,홍대역,"서울특별시 마포구 양화로 165, 상진빌딩 1층 (동교동)",마포구,37.557175,126.923654
스타벅스,동교,"서울특별시 마포구 월드컵북로 22, 영준빌딩 1층 (동교동)",마포구,37.556928,126.919819
스타벅스,애오개역,"서울특별시 마포구 마포대로 201, 마포트라팰리스II (아현동)",마포구,37.5523207784261,126.955694482104
스타벅스,상암DMC,"서울특별시 마포구 월드컵북로 375, DMC이안오피스텔1단지 102호,202호 (상암동)",마포구,37.57770031657981,126.8909363638002
스타벅스,마포일진빌딩,"서울특별시 마포구 마포대로 45, 일진빌딩 1층 (도화동)",마포구,37.54043451,126.9463168
스타벅스,마포아크로,서울특별시 마포구 마포대로 68 (도화동) 마포아크로타워,마포구,37.5413348427548,126.948866602054
스타벅스,홍대삼거리,서울특별시 마포구 와우산로 64 (상수동),마포구,37.55024764,126.9232823
스타벅스,망원역,서울특별시 마포구 월드컵로 74 (서교동),마포구,37.555829,126.910637
스타벅스,마포이마트,서울특별시 마포구 백범로 212 (신공덕동) 마포이마트,마포구,37.542421,126.953341
스타벅스,합정메세나몰,"서울특별시 마포구 양화로 45 (서교동, 메세나폴리스)",마포구,37.55005846963587,126.91355876250871
스타벅스,아현역대로,서울특별시 마포구 신촌로 262 (아현동),마포구,37.557097,126.954834
스타벅스,디지털미디어시티역,서울특별시 마포구 성암로 179 (상암동),마포구,37.57614872684475,126.89894785452836
스타벅스,홍대역8번출구,서울특별시 마포구 양화로 166 (동교동),마포구,37.556743503599,126.924166543608
스타벅스,합정푸르지오,"서울특별시 마포구 월드컵로3길 14 (합정동, 마포 한강 2차 푸르지오)",마포구,37.55094290761422,126.9124826592047
스타벅스,홍대동교,서울특별시 마포구 양화로 192 (동교동),마포구,37.5583280533329,126.926246501876
스타벅스,망원한강공원,서울특별시 마포구 마포나루길 435 (망원동),마포구,37.55397484916793,126.89592784171348
스타벅스,마포구청역,서울특별시 마포구 월드컵로 200 (성산동) 1층 일부,마포구,37.5649569864623,126.902554646241
스타벅스,가재울뉴타운,"서울특별시 서대문구 가재울미래로 2 (남가좌동, DMC파크뷰자이2단지별동상가1층)",서대문구,37.57507214454173,126.91635993282007
스타벅스,남가좌사거리,"서울특별시 서대문구 거북골로 84 (남가좌동, DMC에코자이104동)",서대문구,37.577386,126.920815
스타벅스,신촌역,서울특별시 서대문구 신촌로 73 (창천동),서대문구,37.55625738,126.934653
스타벅스,연희동,서울특별시 서대문구 연희로 97 (연희동),서대문구,37.566702,126.930475
스타벅스,아현역,"서울특별시 서대문구 신촌로35길 10 (북아현동, e편한세상신촌 4단지)",서대문구,37.558421,126.956349
스타벅스,홍제역,서울특별시 서대문구 통일로 451 (홍제동),서대문구,37.588658,126.943864
스타벅스,연세백양로,서울특별시 서대문구 연세로 50 (신촌동) 연세대학교,서대문구,37.562874457,126.937440049
스타벅스,연희DT,서울특별시 서대문구 연희로 144 (연희동),서대문구,37.5702143,126.9339777
스타벅스,경기대,서울특별시 서대문구 충정로 53 (충정로2가),서대문구,37.56367995,126.9646045
스타벅스,신촌,서울특별시 서대문구 연세로 10-1 (창천동),서대문구,37.55648577,126.9371155
스타벅스,이대R,서울특별시 서대문구 이화여대길 34 (대현동),서대문구,37.55848315,126.9459643
스타벅스,연세종합관,"서울특별시 서대문구 연세로 50, 연세세브란스 종합관 (신촌동)",서대문구,37.561468543,126.941119654
스타벅스,이대ECC,서울특별시 서대문구 이화여대길 52 (대현동) 이화여자대학교 B415호,서대문구,37.561631,126.94735
스타벅스,연대,서울특별시 서대문구 연세로 35 (창천동),서대문구,37.558706,126.936727
스타벅스,충정로역,서울특별시 서대문구 충정로 23,서대문구,37.56137,126.963219
스타벅스,연대동문,서울특별시 서대문구 성산로 565 (대신동),서대문구,37.56648507,126.9463253
스타벅스,신촌명물거리,"서울특별시 서대문구 명물길 24, 1-5층 (창천동)",서대문구,37.557768434,126.938154503
스타벅스,충정타워,"서울특별시 서대문구 서소문로 21, 충정타워빌딩 1층 (충정로3가)",서대문구,37.559869,126.964110
스타벅스,이대역,서울특별시 서대문구 신촌로 183 (대현동),서대문구,37.5570861,126.9462802
스타벅스,북가좌DT,서울특별시 서대문구 응암로 85 (북가좌동),서대문구,37.580758,126.911478
스타벅스,현대신촌,서울특별시 서대문구 신촌로 83 (창천동),서대문구,37.5560830579515,126.935844876509
스타벅스,방배로,서울특별시 서초구 방배로 52 (방배동),서초구,37.4793434,126.9994968
스타벅스,강남교보타워R,서울특별시 서초구 강남대로 465 (서초동),서초구,37.5037107773698,127.024335263404
스타벅스,방배다이치빌딩,서울특별시 서초구 방배로 114 (방배동),서초구,37.484329,126.995872
스타벅스,센트럴F1,서울특별시 서초구 신반포로 176 (반포동),서초구,37.505148,127.004395
스타벅스,서초역이화빌딩,서울특별시 서초구 반포대로21길 3 (서초동),서초구,37.487931,127.009126
스타벅스,서초구청,서울특별시 서초구 남부순환로 2557 (서초동),서초구,37.484353839,127.030090489
스타벅스,서초우성사거리,서울특별시 서초구 강남대로 343 (서초동),서초구,37.493545,127.02943
스타벅스,이수역사거리,"서울특별시 서초구 서초대로 3-4 (방배동, 방배디오슈페리움1)",서초구,37.48585,126.983027
스타벅스,강남대로신사,서울특별시 서초구 강남대로 595 (잠원동),서초구,37.51489,127.019469
스타벅스,서울고속터미널,서울특별시 서초구 신반포로 194 (반포동),서초구,37.504406,127.005648
스타벅스,방배,서울특별시 서초구 방배로 211,서초구,37.491914,126.99049739999998
스타벅스,방배카페거리,서울특별시 서초구 방배중앙로 162 (방배동),서초구,37.4934767,126.9865297
스타벅스,서초법원,서울특별시 서초구 서초대로 274 (서초동),서초구,37.492970,127.011875
스타벅스,청계산입구역,서울특별시 서초구 청계산로 203 (신원동),서초구,37.447323,127.056250
스타벅스,사당로데오,서울특별시 서초구 방배천로 5-4(방배동),서초구,37.4772752,126.98216049999996
스타벅스,파미에파크R,서울특별시 서초구 사평대로 205 (반포동) CENTRALCITY,서초구,37.5030521,127.004362
스타벅스,양재역,서울특별시 서초구 강남대로 202 (양재동) 모산빌딩,서초구,37.482379525,127.036853356
스타벅스,논현역,서울특별시 서초구 강남대로 557 (잠원동) 1~2층,서초구,37.5114376142061,127.020548691552
스타벅스,이수역,서울특별시 서초구 동작대로 112 (방배동),서초구,37.4864664,126.98274029999993
스타벅스,내방역,서울특별시 서초구 방배로 184 (방배동) 대풍빌딩,서초구,37.490004,126.992455
스타벅스,서초파라곤,서울특별시 서초구 서초대로74길 29 (서초동) 서초파라곤,서초구,37.4956303142862,127.027093111041
스타벅스,서울아트센터,서울특별시 서초구 남부순환로 2395 (서초동) 호경빌딩,서초구,37.480866,127.012368
스타벅스,서초중앙로,서울특별시 서초구 서초중앙로 225,서초구,37.501691,127.01152
스타벅스,센트럴시티,서울특별시 서초구 신반포로 176 (반포동),서초구,37.504707,127.004459
스타벅스,강남삼성타운,서울특별시 서초구 서초대로78길 24 (서초동),서초구,37.49562035,127.0277144
스타벅스,방배역,서울특별시 서초구 방배로 84 (방배동),서초구,37.48200755,126.9976438
스타벅스,반포역,서울특별시 서초구 신반포로 257 (잠원동) 신반포11차상가,서초구,37.508589,127.011959
스타벅스,남부터미널,"서울특별시 서초구 서초중앙로 26, 래미안서초유니빌 1층 101호 (서초동)",서초구,37.48467334,127.0169464
스타벅스,뉴코아강남,서울특별시 서초구 잠원로 69 (잠원동) 킴스클럽,서초구,37.51031339,127.0069582
스타벅스,강남서초초교,"서울특별시 서초구 서초대로77길 27, 유빌딩 1,2층 (서초동)",서초구,37.5000875,127.02549090000002
스타벅스,교대,서울특별시 서초구 서초중앙로 118 (서초동),서초구,37.4923611,127.0142207
스타벅스,하이브랜드,"서울특별시 서초구 매헌로 16, 리빙관 101호 (양재동)",서초구,37.46252023465575,127.03666795290289
스타벅스,신논현역,서울특별시 서초구 강남대로 483 (반포동) 청호빌딩,서초구,37.50529,127.023636
스타벅스,영동2교,"서울특별시 서초구 논현로 139, 대흥빌딩 (양재동)",서초구,37.48203954,127.0425748
스타벅스,남부터미널역5번출구,서울특별시 서초구 효령로 274 (서초동),서초구,37.48436736,127.0142192
스타벅스,서래마을입구,서울특별시 서초구 서래로 48 (반포동),서초구,37.49925284,126.9984801
스타벅스,몬테소리,서울특별시 서초구 강남대로 399 (서초동),서초구,37.4982695,127.026865
스타벅스,서초역,서울특별시 서초구 반포대로 118 (서초동),서초구,37.49067495,127.0086118
스타벅스,교대법원,서울특별시 서초구 서초중앙로 164 (서초동),서초구,37.496329,127.013336
스타벅스,강남GT타워,"서울특별시 서초구 서초대로 411, GT타워 (서초동)",서초구,37.4979079083082,127.026162553761
스타벅스,서초동,"서울특별시 서초구 남부순환로339길 64, 현우빌딩 1층 (서초동)",서초구,37.485941,127.021525
스타벅스,서울교대,"서울특별시 서초구 서초중앙로 64, 1층 (서초동)",서초구,37.487397,127.015134
스타벅스,강남에비뉴,"서울특별시 서초구 서초대로77길 62, 강남역아이파크 B102~B105 (서초동)",서초구,37.5025778098288,127.024105881331
스타벅스,반포자이,서울특별시 서초구 잠원로 24 (반포동),서초구,37.507170475349405,127.0099189083483
스타벅스,반포원베일리,서울특별시 서초구 반포대로 291 (반포동),서초구,37.504657083267006,126.99903302367885
스타벅스,강남역우송빌딩,서울특별시 서초구 서초대로73길 7 (서초동),서초구,37.4981314601413,127.02527908458
스타벅스,서이초교사거리,서울특별시 서초구 사임당로 143 (서초동),서초구,37.4918146,127.0252252
스타벅스,서울웨이브아트센터,서울특별시 서초구 잠원로 145-35 (잠원동),서초구,37.518807,127.00704
스타벅스,길음역,서울특별시 성북구 정릉로 376 (돈암동),성북구,37.602139,127.025271
스타벅스,미아이마트,서울특별시 성북구 도봉로 17 (길음동),성북구,37.610678,127.029921
스타벅스,종암DT,서울특별시 성북구 종암로 17 (종암동),성북구,37.5919525,127.0360401
스타벅스,미아,서울특별시 성북구 동소문로 314 (하월곡동),성북구,37.607581,127.029303
스타벅스,성신여대정문,서울특별시 성북구 보문로34길 62 (동선동2가),성북구,37.590910,127.018800
스타벅스,종암,서울특별시 성북구 종암로 122 (종암동),성북구,37.601095,127.033847
스타벅스,삼선교,서울특별시 성북구 동소문로 10 (동소문동2가),성북구,37.588696,127.00732070000003
스타벅스,월곡역,"서울특별시 성북구 화랑로 76, 101-1호 (하월곡동)",성북구,37.601718,127.040446
스타벅스,고대,서울특별시 성북구 고려대로24길 51 (안암동5가),성북구,37.58397192,127.0297352
스타벅스,현대미아,서울특별시 성북구 동소문로 315 (길음동) 지하1층,성북구,37.60837822,127.0287483
스타벅스,성신여대,서울특별시 성북구 동소문로24길 12 (동선동1가),성북구,37.593135,127.018379
스타벅스,안암역,서울특별시 성북구 고려대로 102-2 (안암동5가),성북구,37.586319,127.030556
스타벅스,한성대입구역,서울특별시 성북구 성북로 11 (성북동1가),성북구,37.589054,127.004839
스타벅스,고대안암병원,서울특별시 성북구 고려대로 73 (안암동5가),성북구,37.58687889805418,127.02820333331364
스타벅스,장위뉴타운,서울특별시 성북구 장월로38길 4 (장위동),성북구,37.618072316295915,127.05152854027804
스타벅스,성신여대입구역,서울특별시 성북구 동소문로 105 (동선동4가),성북구,37.59305,127.0167
스타벅스,송파나루역DT,서울특별시 송파구 오금로 142 (송파동),송파구,37.51098709,127.1101186
스타벅스,송파헬리오시티,"서울특별시 송파구 송파대로 345 (가락동, 헬리오시티)",송파구,37.4977826892486,127.102851954992
스타벅스,잠실시그마타워,서울특별시 송파구 올림픽로 289 (신천동),송파구,37.514567,127.102493
스타벅스,문정법원로R,서울특별시 송파구 송파대로 201 (문정동),송파구,37.487356272840365,127.11911981125742
스타벅스,송파개롱역,서울특별시 송파구 오금로 420 (가락동),송파구,37.496956,127.13652
스타벅스,문정하비오,"서울특별시 송파구 송파대로 111 (문정동, 파크하비오) 204동 104호~107호",송파구,37.48211912934925,127.12354072397868
스타벅스,문정역,"서울특별시 송파구 송파대로 167 (문정동)테라타워 B동 137호~139호,204호",송파구,37.48529649766194,127.12227677436003
스타벅스,잠실대교남단R,서울특별시 송파구 송파대로 570 타워 730 1층,송파구,37.515511,127.099006
스타벅스,송파위례,"서울특별시 송파구 위례광장로 230 (장지동, 위례2차아이파크)",송파구,37.478416,127.143161
스타벅스,송파방이DT,서울특별시 송파구 오금로 241 (방이동),송파구,37.506564,127.120495
스타벅스,올림픽평화의문,서울특별시 송파구 위례성대로 38 (방이동) 해태그린피아빌라트,송파구,37.5156426,127.11648190000005
스타벅스,송파아이파크,서울특별시 송파구 법원로 55 (문정동),송파구,37.47979344097158,127.12242043651424
스타벅스,송파사거리,서울특별시 송파구 송파대로 386 (송파동),송파구,37.5022788,127.1103904
스타벅스,석촌서호,서울특별시 송파구 석촌호수로 176 (삼전동),송파구,37.5063929,127.0964684
스타벅스,문정로데오,서울특별시 송파구 동남로 141 (가락동),송파구,37.491858429761606,127.12623104068281
스타벅스,올림픽훼미리,서울특별시 송파구 중대로 68 (문정동),송파구,37.491616375205915,127.11626573028454
스타벅스,올림픽공원남문,서울특별시 송파구 위례성대로 102 (방이동),송파구,37.5133,127.123113
스타벅스,방이역,"서울특별시 송파구 마천로 53, 1~2층 (오금동)",송파구,37.5084904076542,127.126776485458
스타벅스,석촌호수,서울특별시 송파구 석촌호수로 262 (송파동),송파구,37.50957859,127.10532641
스타벅스,잠실푸르지오월드,"서울특별시 송파구 올림픽로35가길 9, 잠실푸르지오월드마크 1층 (신천동)",송파구,37.517649,127.103426
스타벅스,잠실새내역,서울특별시 송파구 올림픽로 96 (잠실동),송파구,37.511679,127.081062
스타벅스,잠실역,"서울특별시 송파구 송파대로 562 (신천동, 웰리스타워,삼성웰리스아파트) 1층,2층",송파구,37.515272,127.099231
스타벅스,갤러리아팰리스,"서울특별시 송파구 올림픽로 212, 갤러리아 팰리스 (잠실동)",송파구,37.51108365,127.0938059
스타벅스,아시아선수촌,서울특별시 송파구 백제고분로 69 (잠실동),송파구,37.51059,127.079047
스타벅스,올림픽아파트,서울특별시 송파구 양재대로 1220 (방이동),송파구,37.515315,127.133237
스타벅스,가락본동,서울특별시 송파구 송파대로30길 13 (가락동),송파구,37.494812392616524,127.11883481297143
스타벅스,석촌역,"서울특별시 송파구 백제고분로 358, 1층 (석촌동)",송파구,37.5042626,127.10610769999994
스타벅스,가락시장역,"서울특별시 송파구 중대로 121, 롯데캐슬 파인힐 1층 (가락동)",송파구,37.49442875605291,127.1217432178345
스타벅스,가든파이브,서울특별시 송파구 충민로 10 (문정동) 가든파이브툴,송파구,37.477974676564614,127.12118515527476
스타벅스,문정역2번출구,서울특별시 송파구 문정로 1 (문정동),송파구,37.48629340180307,127.12320273731552
스타벅스,잠실본동,"서울특별시 송파구 백제고분로 91 (잠실동), 1층",송파구,37.5086445885442,127.07949103207
스타벅스,송파NC,서울특별시 송파구 충민로 66 (문정동)  가든파이브라이프 패션관1층,송파구,37.47804418570353,127.12580079741947
스타벅스,송파거여역,서울특별시 송파구 오금로 493 (거여동),송파구,37.49360000716603,127.14364544756283
스타벅스,몽촌토성역,서울특별시 송파구 위례성대로 6 (방이동),송파구,37.516913,127.113127
스타벅스,송파KT,"서울특별시 송파구 잠실로 209 (신천동), 오피스빌딩 1층 2~4호",송파구,37.51389579,127.10700424
스타벅스,문정법조타운 한양타워,서울특별시 송파구 법원로11길 12 (문정동),송파구,37.485796586165364,127.11781422446037
스타벅스,송파마천사거리DT,서울특별시 송파구 거마로 78 (마천동),송파구,37.499829,127.147672
스타벅스,목동파리공원,서울특별시 양천구 목동동로 377 (목동),양천구,37.535336,126.878852
스타벅스,등촌역,서울특별시 양천구 공항대로 566 (목동) 1층 2층,양천구,37.548884,126.86807
스타벅스,목동행복한,서울특별시 양천구 목동동로 309 (목동),양천구,37.52935595865839,126.87589210780987
스타벅스,신정DT,서울특별시 양천구 신월로 341 (신정동),양천구,37.521993,126.858865
스타벅스,목동역,서울특별시 양천구 목동로 203 (신정동) 1층일부,양천구,37.526684,126.863986
스타벅스,목동오목로,"서울특별시 양천구 오목로 279 (목동) 102,103,104,105호",양천구,37.525923,126.868438
스타벅스,목동8단지,서울특별시 양천구 목동서로 299 (신정동),양천구,37.520518,126.868841
스타벅스,오목교역,서울특별시 양천구 오목로 354 (목동),양천구,37.523855929257174,126.87644987818643
스타벅스,신월IC DT,서울특별시 양천구 남부순환로 430 (신월동),양천구,37.529502437956104,126.83220232277918
스타벅스,목동7단지,서울특별시 양천구 목동서로 213 (목동) 세신비젼프라자,양천구,37.528012,126.87053
스타벅스,목동5단지,"서울특별시 양천구 목동동로 411, 1동 116호(목동, 부영그린타운3차)",양천구,37.5363856363692,126.88211754815594
스타벅스,목동,서울특별시 양천구 목동서로 67 (목동) 우성에펠타운,양천구,37.53638383,126.8785597
스타벅스,현대목동,"서울특별시 양천구 목동동로 257 (목동, 현대하이페리온) 지하2층",양천구,37.526848,126.875023
스타벅스,목동SBS,"서울특별시 양천구 목동서로 161 (목동), 1/2층 일부",양천구,37.52896162444895,126.87363009594163
스타벅스,목동트라팰리스,서울특별시 양천구 오목로 299 (목동),양천구,37.5255,126.8702
스타벅스,목동10단지,"서울특별시 양천구 목동서로 401 (신정동, 대림아크로빌), 상가A동 101,101-1호",양천구,37.515425616177,126.859603067999
스타벅스,신월동DT,서울특별시 양천구 남부순환로 319 (신월동),양천구,37.5382923530559,126.827101409243
스타벅스,타임스퀘어R,서울특별시 영등포구 영중로 15 지하 1층 (영등포동4가),영등포구,37.51755,126.90516
스타벅스,샛강역,서울특별시 영등포구 여의대방로 376 (여의도동),영등포구,37.5183551,126.9312716
스타벅스,영등포역,서울특별시 영등포구 경인로 870 (영등포동1가),영등포구,37.516999623656375,126.90906664982087
스타벅스,당산대로,서울특별시 영등포구 양평로 22 (당산동6가),영등포구,37.533121,126.903804
스타벅스,여의도IFC몰(L1)R,서울특별시 영등포구 국제금융로 10 (여의도동)  지하1층 178호,영등포구,37.525386315990104,126.92606524560121
스타벅스,여의도KBS R,서울특별시 영등포구 의사당대로 26 (여의도동),영등포구,37.526596,126.918456
스타벅스,여의도화재보험,서울특별시 영등포구 국제금융로6길 38 (여의도동),영등포구,37.521345,126.926004
스타벅스,국회대로,서울특별시 영등포구 국회대로 786 (여의도동),영등포구,37.53026,126.919549
스타벅스,영등포KT,서울특별시 영등포구 영중로 119 (영등포동8가),영등포구,37.526419,126.905314
스타벅스,여의도공원R,서울특별시 영등포구 여의공원로 101 (여의도동),영등포구,37.529129532990446,126.92535729471122
스타벅스,국회의사당역,서울특별시 영등포구 의사당대로 8 (여의도동),영등포구,37.52805409993459,126.91711953333622
스타벅스,여의도역R,서울특별시 영등포구 의사당대로 83 (여의도동) 1층,영등포구,37.523328,126.923439
스타벅스,선유동이레빌딩,서울특별시 영등포구 선유동2로 57 (양평제1동) 이레빌딩,영등포구,37.534277678053385,126.89697631969191
스타벅스,동여의도,서울특별시 영등포구 국제금융로 86 (여의도동) 롯데캐슬 아이비,영등포구,37.52063015571123,126.93168638298105
스타벅스,여의도ABL타워,서울특별시 영등포구 의사당대로 147 (여의도동) 알리안츠타워,영등포구,37.518749,126.92779
스타벅스,영등포신길,"서울특별시 영등포구 신길로 137 (신길동) 1,2층",영등포구,37.504566,126.910073
스타벅스,문래역,서울특별시 영등포구 당산로 34 (문래동3가),영등포구,37.517446,126.895258
스타벅스,당산,서울특별시 영등포구 양평로 64 (당산동6가),영등포구,37.534994324005595,126.90000472153657
스타벅스,여의도한양증권,서울특별시 영등포구 국제금융로6길 7 (여의도동) 한양증권,영등포구,37.522538760323,126.92910542451022
스타벅스,여의도일신,서울특별시 영등포구 은행로 11 (여의도동) 1층 1부,영등포구,37.52774993247095,126.92027623791678
스타벅스,하이테크시티,서울특별시 영등포구 경인로 775 (문래동3가) 에이스하이테크시티,영등포구,37.51445587278118,126.89987943038909
스타벅스,여의도,서울특별시 영등포구 국제금융로2길 28 (여의도동),영등포구,37.52403519,126.9245179
스타벅스,롯데캐슬여의도,"서울특별시 영등포구 의사당대로 127 (여의도동, 롯데캐슬엠파이어) 1층 104호",영등포구,37.52025214,126.9263678
스타벅스,문래동,"서울특별시 영등포구 선유로 64, 대창타운빌 1층 (문래동3가)",영등포구,37.519602,126.889652
스타벅스,여의도호성,"서울특별시 영등포구 여의대방로65길 24, 호성빌딩 1층 (여의도동)",영등포구,37.52047101976742,126.92920636135348
스타벅스,타임스퀘어B2,"서울특별시 영등포구 영중로 15, 지하2층 (영등포동4가)",영등포구,37.516810409502995,126.90336306740143
스타벅스,영등포본동,서울특별시 영등포구 영등포로 254 (영등포동3가),영등포구,37.518713,126.909559
스타벅스,타임스퀘어2F,서울특별시 영등포구 영중로 15 지상2층 (영등포동4가),영등포구,37.516922981561166,126.9033120029923
스타벅스,여의도의사당,서울특별시 영등포구 국회대로74길 12 (여의도동),영등포구,37.530023,126.92109
스타벅스,여의도IFC(1F),서울특별시 영등포구 국제금융로 10 (여의도동),영등포구,37.525273,126.924668
스타벅스,여의도교직원공제회,서울특별시 영등포구 여의나루로 50 (여의도동),영등포구,37.52191490479988,126.92558789987339
스타벅스,선유도역 1번출구,서울특별시 영등포구 양평로 128 (양평동5가)양평로 128,영등포구,37.538333,126.893612
스타벅스,영등포시장역,서울특별시 영등포구 영중로 79 (영등포동7가),영등포구,37.52349264546045,126.90497778447685
스타벅스,영등포구청역,서울특별시 영등포구 국회대로 558 ,영등포구,37.52789,126.89608
스타벅스,서울양평역,"서울특별시 영등포구 선유서로24길 6 (양평동1가, 영등포 중흥 S-CLASS)",영등포구,37.523128,126.885809
스타벅스,영등포시장교차로,서울특별시 영등포구 영중로 45 (영등포동6가),영등포구,37.5204239,126.904446
스타벅스,더현대서울(B2)R,서울특별시 영등포구 여의대로 108 (여의도동),영등포구,37.5258834618679,126.928658229468
스타벅스,여의도브라이튼,"서울특별시 영등포구 국제금융로 39 (여의도동, 브라이튼 여의도), 1층",영등포구,37.5241006226166,126.929817318958
스타벅스,여의도TP타워,서울특별시 영등포구 의사당대로 96 (여의도동),영등포구,37.521624938408046,126.92302031330276
스타벅스,당산역사거리,서울특별시 영등포구 양평로 47 (당산동5가),영등포구,37.53409659351415,126.90121370080551
스타벅스,신풍역,서울특별시 영등포구 신풍로 23 (신길동),영등포구,37.5003469620528,126.908438384002
스타벅스,불광역,서울특별시 은평구 통일로 715 (대조동),은평구,37.609382,126.9303971
스타벅스,구파발사거리,서울특별시 은평구 진관3로 21 은평엘크루 101동 105-108호,은평구,37.639617,126.91881
스타벅스,연신내역사거리,서울특별시 은평구 통일로 842 (불광동),은평구,37.618773940257306,126.92179889674078
스타벅스,연신내,서울특별시 은평구 통일로 867 (갈현동),은평구,37.620266093930596,126.91995950352734
스타벅스,구파발역,서울특별시 은평구 진관2로 12,은평구,37.63446,126.918881
스타벅스,은평구청입구,서울특별시 은평구 은평로 170 (응암동),은평구,37.601042,126.926789
스타벅스,은평이마트,서울특별시 은평구 은평로 111 (응암동),은평구,37.60037923,126.9202735
스타벅스,구산역,서울특별시 은평구 연서로 146 (대조동),은평구,37.611745,126.917678
스타벅스,불광역8번출구,서울특별시 은평구 통일로 746 (불광동),은평구,37.61199,126.9289
스타벅스,수색,서울특별시 은평구 수색로 216 (수색동),은평구,37.58006406944348,126.89956239090266
스타벅스,새절역,서울특별시 은평구 증산로 371 (신사동),은평구,37.5894266730207,126.912863456524
스타벅스,더북한산,서울특별시 은평구 대서문길 24-11 (진관동),은평구,37.6554576593266,126.947556374345
스타벅스,녹번역,"서울특별시 은평구 통일로 636 (녹번동) 110,111,112,113,114,115호",은평구,37.603307621312325,126.93528567756574
스타벅스,진관DT,서울특별시 은평구 연서로 645 (진관동),은평구,37.6501787,126.9361968
스타벅스,연합뉴스,서울특별시 종로구 율곡로2길 25 (수송동),종로구,37.57462713751161,126.98047541991131
스타벅스,혜화역,서울특별시 종로구 대학로12길 4 (동숭동)1~2층,종로구,37.5824779,127.0021850
스타벅스,경희궁로,서울특별시 종로구 새문안로3길 15 (당주동),종로구,37.571759,126.972343
스타벅스,강북삼성병원,서울특별시 종로구 새문안로 29 (평동),종로구,37.568546,126.967560
스타벅스,종로평창동,서울특별시 종로구 평창12길 3 (평창동),종로구,37.60614770769474,126.96736414444056
스타벅스,광화문우체국,서울특별시 종로구 종로 6 (서린동),종로구,37.569854,126.978083
스타벅스,종로R,서울특별시 종로구 종로 51 (종로2가),종로구,37.5708,126.9834
스타벅스,독립문역,서울특별시 종로구 송월길 155 경희궁자이 4단지 1층 팰리스애비뉴 4114~4119호,종로구,37.571432,126.961269
스타벅스,정부서울청사R,서울특별시 종로구 새문안로5가길 28 (적선동),종로구,37.574621312530724,126.97367761929035
스타벅스,종로구청,서울특별시 종로구 삼봉로 71 (수송동),종로구,37.572498614917706,126.98095141204923
스타벅스,북촌로,서울특별시 종로구 북촌로4길 23 (계동),종로구,37.579419015932245,126.98648560012543
스타벅스,종로수송,서울특별시 종로구 종로5길 30 (청진동) 1~3층,종로구,37.57165162614545,126.98062335393885
스타벅스,새문안로,서울특별시 종로구 새문안로 92 (신문로1가) 광화문오피시아빌딩,종로구,37.56982384802028,126.97522159101487
스타벅스,안국,서울특별시 종로구 북촌로 5-1 (재동),종로구,37.577393946851735,126.98576427427058
스타벅스,삼청동,서울특별시 종로구 삼청로 111-1 (삼청동),종로구,37.58541226323984,126.98191331140823
스타벅스,광화문D타워,서울특별시 종로구 종로3길 17 (청진동) D타워,종로구,37.57049132960646,126.97907003783457
스타벅스,적선,"서울특별시 종로구 새문안로5길 55, 노스게이트빌딩 1층 (적선동)",종로구,37.57520431,126.9739361
스타벅스,인사,서울특별시 종로구 인사동길 14 (인사동),종로구,37.57220884263517,126.98679819956659
스타벅스,광화문,서울특별시 종로구 세종대로 167 (세종로),종로구,37.5712293,126.9762872
스타벅스,성대입구,서울특별시 종로구 창경궁로 235 (명륜3가),종로구,37.582892,126.998392
스타벅스,스페이스본,서울특별시 종로구 사직로8길 4 (사직동) 광화문 풍림스페이스본,종로구,37.57488602790947,126.96922016718464
스타벅스,주얼리시티,서울특별시 종로구 종로 183 (인의동) 효성주얼리시티,종로구,37.5714829206881,126.998666645245
스타벅스,종각,서울특별시 종로구 종로 64 (종로2가),종로구,37.57001689280663,126.98450354974083
스타벅스,동숭로아트,서울특별시 종로구 동숭길 110 (동숭동),종로구,37.582969,127.003876
스타벅스,종로관철,"서울특별시 종로구 종로12길 21, 2층 (관철동)",종로구,37.56913860117361,126.98593280684017
스타벅스,경복궁역,"서울특별시 종로구 자하문로4길 6, 1층 (통의동)",종로구,37.5771508,126.97274530000004
스타벅스,이마빌딩,서울특별시 종로구 종로1길 42 (수송동),종로구,37.5738637,126.97897149999994
스타벅스,마로니에공원,"서울특별시 종로구 대학로 116, 1-2층 (동숭동)",종로구,37.58154296,127.0023412
스타벅스,종로3가,"서울특별시 종로구 종로 113-1, 1-4층 (종로3가)",종로구,37.57056485920516,126.99021701586494
스타벅스,대학로,"서울특별시 종로구 대학로 57, 홍익대학교 대학로캠퍼스 內 (연건동)",종로구,37.5764916392943,127.001470988378
스타벅스,경복궁사거리,"서울특별시 종로구 율곡로 6, B동 101호(중학동, 트윈트리타워)",종로구,37.575615939508076,126.9802374336133
스타벅스,종로관수,서울특별시 종로구 삼일대로20길 13 (관수동),종로구,37.56971102439499,126.98863522829857
스타벅스,광화문교보문고,서울특별시 종로구 종로 1 (종로1가),종로구,37.571017,126.977937
스타벅스,정동,서울특별시 종로구 새문안로 42 (신문로2가),종로구,37.568578,126.970067
스타벅스,종로플레이스,서울특별시 종로구 창경궁로 120 (인의동),종로구,37.5731377743929,126.998354975801
스타벅스,강북삼성병원1층,서울특별시 종로구 새문안로 29 (평동),종로구,37.568546,126.96756
스타벅스,동숭길입구,서울특별시 종로구 대학로 146 (혜화동),종로구,37.584236,127.002014
스타벅스,서울대치과병원,서울특별시 종로구 대학로 101 서울대학교 치과병원 신관1층,종로구,37.5774740926489,126.999891434786
스타벅스,서대문역,서울특별시 종로구 통일로 134 (평동),종로구,37.56670,126.96629
스타벅스,숭례문북창,서울특별시 중구 세종대로12길 12 (남대문로4가),중구,37.561725,126.976838
스타벅스,을지로4가역,서울특별시 중구 을지로 170 (을지로4가),중구,37.566682,126.997285
스타벅스,동대문두타,서울특별시 중구 장충단로 275 (을지로6가),중구,37.56892512604548,127.00878383484597
스타벅스,대한상공회의소R,서울특별시 중구 세종대로 39 (남대문로4가) 1층,중구,37.560938,126.973702
스타벅스,국립중앙의료원,서울특별시 중구 을지로 251 (을지로6가),중구,37.5665160,127.0062376
스타벅스,동국대,서울특별시 중구 서애로 1길 11,중구,37.561542,126.998437
스타벅스,신세계본점5F,서울특별시 중구 소공로 63 (충무로1가),중구,37.560951,126.981134
스타벅스,동대문공원,서울특별시 중구 장충단로 229 (광희동1가),중구,37.565133,127.007191
스타벅스,을지로국제빌딩,서울특별시 중구 남대문로 109 (다동),중구,37.566952,126.982219
스타벅스,동대입구역,서울특별시 중구 장충단로 166 (장충동1가),중구,37.559593,127.006142
스타벅스,신당역사거리,서울특별시 중구 다산로 258 (흥인동),중구,37.565807,127.016430
스타벅스,연세세브란스,서울특별시 중구 통일로 10 (남대문로5가),중구,37.557207,126.97354
스타벅스,회현역,서울특별시 중구 퇴계로 72 (회현동) 리더스뷰남산,중구,37.55947242829924,126.98072554032831
스타벅스,을지로경기빌딩,서울특별시 중구 남대문로10길 9 (삼각동) 경기빌딩,중구,37.567074956050845,126.98314586784849
스타벅스,을지로2가,서울특별시 중구 삼일대로 358 (을지로2가),중구,37.566347,126.988066
스타벅스,신세계본점6F,서울특별시 중구 퇴계로 77 (충무로1가),중구,37.560381,126.980758
스타벅스,서울중앙우체국,서울특별시 중구 소공로 70 (충무로 1가) 서울 중앙 우체국,중구,37.561678,126.982117
스타벅스,한국프레스센터,서울특별시 중구 세종대로 124 (태평로1가),중구,37.56724756017782,126.9780493948243
스타벅스,명동중앙로,서울특별시 중구 명동길 60 (명동 2가),중구,37.5637485,126.9857723
스타벅스,약수역,서울특별시 중구 다산로 129 (신당동),중구,37.555437,127.0107253
스타벅스,중구저동,서울특별시 중구 수표로 34 (저동2가),중구,37.5643686,126.9903382
스타벅스,명동길,서울특별시 중구 명동10길 41,중구,37.5620695,126.9858669
스타벅스,서소문로,서울특별시 중구 서소문로 120 (서소문동) 대한빌딩,중구,37.563006,126.974546
스타벅스,신당역,"서울특별시 중구 퇴계로 385, 1층 (흥인동)",중구,37.5654033985295,127.014352404697
스타벅스,명동메트로,서울특별시 중구 명동9가길 14 (을지로1가) 메트로호텔,중구,37.565118,126.983681
스타벅스,숭례문,"서울특별시 중구 세종대로 17, 그레이츠 숭례 1층 (남대문로5가)",중구,37.55874473,126.9730952
스타벅스,순화동더샵,"서울특별시 중구 칠패로 27, 1층 (순화동)",중구,37.56015541203125,126.97188596912146
스타벅스,대한극장,"서울특별시 중구 퇴계로 212 (필동2가) 1,2층",중구,37.56105065,126.9952735
스타벅스,환구단,서울특별시 중구 소공로 112 (소공동),중구,37.56459884548825,126.9792301485792
스타벅스,무교동,서울특별시 중구 무교로 21 (무교동) 코오롱빌딩 1층,중구,37.567928021468916,126.9792065857694
스타벅스,문화일보,서울특별시 중구 새문안로 22 (충정로1가) 문화일보,중구,37.56712291,126.9686642
스타벅스,태평로,"서울특별시 중구 세종대로 72, 대영빌딩 1층 (태평로2가)",중구,37.56248285,126.9767928
스타벅스,퍼시픽타워,"서울특별시 중구 세종대로9길 41, 퍼시픽타워 1층 (서소문동)",중구,37.56132157,126.9730264
스타벅스,남산단암,"서울특별시 중구 소월로 10, 단암빌딩 (남대문로5가)",중구,37.55853622,126.9754585
스타벅스,황학캐슬,서울특별시 중구 청계천로 400 (황학동) 롯데캐슬베네치아,중구,37.57124,127.022905
스타벅스,을지로삼화타워,서울특별시 중구 을지로5길 16 (을지로2가) 1층,중구,37.566902,126.984707
스타벅스,소공로,"서울특별시 중구 남대문로7길 19, 삼영빌딩 1층 일부 (소공동)",중구,37.5637273,126.98076809999998
스타벅스,을지로한국빌딩,"서울특별시 중구 을지로 50, 1층 (을지로 2가)",중구,37.565722,126.98329
스타벅스,시청,"서울특별시 중구 을지로 19, 삼성화재삼성빌딩 1층 (을지로1가)",중구,37.56629,126.979808
스타벅스,명동역,"서울특별시 중구 퇴계로 101, 건물 전체 (충무로 1가)",중구,37.5608622201549,126.983105390255
스타벅스,명동입구,서울특별시 중구 남대문로 68-1 (명동2가),중구,37.563319,126.982242
스타벅스,충무로,서울특별시 중구 충무로 3 (필동1가),중구,37.5614959808102,126.992823097196
스타벅스,이마트타워,서울특별시 중구 세종대로7길 37 (순화동) 1층,중구,37.5607434636967,126.972528391958
스타벅스,동호로,서울특별시 중구 동호로 171 (신당동),중구,37.553478403261,127.011305155237
스타벅스,무교로,서울특별시 중구 무교로 15 (무교동),중구,37.56722071682264,126.97907661254083
스타벅스,청계크리스탈스퀘어,서울특별시 중구 청계천로 106 (수표동),중구,37.5679,126.98933
스타벅스,숭례문SG타워,서울특별시 중구 세종대로 14 (남대문로5가),중구,37.5581293,126.9742637
스타벅스,세종대로,서울특별시 중구 세종대로 135-5 (태평로1가),중구,37.568678,126.976493
스타벅스,동대문디자인플라자,서울특별시 중구 을지로 281 (을지로7가) 디자인장터,중구,37.56743,127.009758
스타벅스,별다방,서울특별시 중구 퇴계로 100 (회현동2가),중구,37.5602013,126.9829327
스타벅스,포포인츠명동,서울특별시 중구 삼일대로10길 36 (저동2가),중구,37.5657211,126.9893426
스타벅스,명동남산,서울특별시 중구 퇴계로 132 (남산동3가),중구,37.560809,126.986397
스타벅스,명일역,서울특별시 강동구 양재대로 1647 (명일동),강동구,37.55255451856903,127.14388583677322
스타벅스,강동구청DT,서울특별시 강동구 성내로 32 (성내동),강동구,37.52938776679806,127.12384773690836
스타벅스,강동암사DT,서울특별시 강동구 고덕로 43 (암사동),강동구,37.55511597305427,127.12997051029342
스타벅스,굽은다리역,"서울특별시 강동구 양재대로 1568 (명일동, 원일타워)",강동구,37.54535430642832,127.14305160130827
스타벅스,강동역,"서울특별시 강동구 천호대로 1089 (천호동, 강동 헤르셔)",강동구,37.536047,127.133086
스타벅스,둔촌동,서울특별시 강동구 양재대로 1303 (성내동) 평원빌딩,강동구,37.52264171306811,127.13398661016131
스타벅스,천호로데오,서울특별시 강동구 천호대로 1037 (천호동),강동구,37.5378069,127.12730940000006
스타벅스,천호이마트,서울특별시 강동구 천호대로 1015-14 (천호동) 이마트별관,강동구,37.538984278389535,127.12517047134832
스타벅스,길동역,서울특별시 강동구 양재대로 1487 (길동),강동구,37.53870166831661,127.14013947484787
스타벅스,상일동,"서울특별시 강동구 상일로10길 36, 1~2층 (상일동)",강동구,37.550948358388766,127.17409536001483
스타벅스,천호역,"서울특별시 강동구 천호대로 1012, 태승빌딩 (성내동)",강동구,37.53795191,127.1245793
스타벅스,명일이마트,서울특별시 강동구 동남로75길 5 (명일동) 명일이마트별관주차장,강동구,37.55417877236837,127.15613409848525
스타벅스,상일동역,"서울특별시 강동구 고덕로 399 (고덕동, 고덕센트럴푸르지오)",강동구,37.55756654027894,127.17076356349716
스타벅스,천호사거리,서울특별시 강동구 올림픽로 651 (천호동),강동구,37.539702,127.123542
스타벅스,강일역,"서울특별시 강동구 고덕로 429 (강일동), 1층",강동구,37.55747468801038,127.17351070838722
스타벅스,올림픽공원북2문,서울특별시 강동구 강동대로 199 (성내동),강동구,37.5241832,127.1286775
스타벅스,천호대로길동,서울특별시 강동구 천호대로 1131 거산 유팰리스,강동구,37.534651,127.137210
스타벅스,신도림,서울특별시 구로구 경인로 610 (신도림동),구로구,37.505311902,126.883975986
스타벅스,구로디지털타워,서울특별시 구로구 디지털로32길 30 (구로동),구로구,37.483472189,126.896856737
스타벅스,오류동역,서울특별시 구로구 경인로 216 (오류동),구로구,37.4962155,126.8448614
스타벅스,구로디지털로,"서울특별시 구로구 디지털로33길 11, 에이스테크노8차 1층 (구로동)",구로구,37.485699173,126.895991532
스타벅스,구로에이스,"서울특별시 구로구 디지털로 285, 에이스트윈타워1차 103호 (구로동)",구로구,37.484233766,126.894560454
스타벅스,구로하이엔드,"서울특별시 구로구 디지털로26길 5, 에이스하이엔드타워1차 103호 (구로동)",구로구,37.481618,126.893136
스타벅스,현대디큐브2F,서울특별시 구로구 경인로 662 (신도림동),구로구,37.509452982,126.889684147
스타벅스,구로호텔,"서울특별시 구로구 디지털로32길 72, 구로호텔 1층 (구로동)",구로구,37.4831293,126.89885909999998
스타벅스,현대디큐브B2,서울특별시 구로구 경인로 662 (신도림동),구로구,37.50924828,126.889981345
스타벅스,구로고척,서울특별시 구로구 경인로 387 (고척동),구로구,37.49706,126.86315
스타벅스,구로NC,서울특별시 구로구 구로중앙로 152 (구로동) 구로NC,구로구,37.501219,126.882798
스타벅스,구로오류DT,서울특별시 구로구 서해안로 2233 (오류동),구로구,37.4881292318832,126.834491889841
스타벅스,구로구청,"서울특별시 구로구 가마산로 232 (구로동, 스페스큐브), B101호",구로구,37.49395067031256,126.88676120707717
스타벅스,고척아이파크,"서울특별시 구로구 경인로43길 49 (고척동, 고척아이파크), 1층 D-101호",구로구,37.49930562934076,126.8582208923581
스타벅스,신도림힐스테이트,서울특별시 구로구 경인로 625 (신도림동),구로구,37.506860026202624,126.88463805193277
스타벅스,답십리역,서울특별시 동대문구 천호대로 263 (답십리동),동대문구,37.568466,127.051106
스타벅스,경희대삼거리,서울특별시 동대문구 회기로 141 (회기동),동대문구,37.591531,127.052017
스타벅스,외대정문,서울특별시 동대문구 이문로 93 (이문동),동대문구,37.5953464,127.0590302
스타벅스,신설동역,서울특별시 동대문구 왕산로 19 (신설동),동대문구,37.5767228,127.0255446
스타벅스,회기역사거리,서울특별시 동대문구 이문로 37 (회기동),동대문구,37.590784,127.056098
스타벅스,외대,서울특별시 동대문구 휘경로 12-1 (이문동),동대문구,37.59575188,127.0614002
스타벅스,장한평역,서울특별시 동대문구 장한로 10 (장안동),동대문구,37.562337,127.065511
스타벅스,경희대,서울특별시 동대문구 경희대로 16-1 (회기동),동대문구,37.5928812,127.05280849999997
스타벅스,청량리역롯데캐슬스카이,"서울특별시 동대문구 답십리로 27 (전농동, 청량리역 롯데캐슬 SKY-L65)",동대문구,37.579249267,127.045331071
스타벅스,경동1960,서울특별시 동대문구 고산자로36길 3 (제기동),동대문구,37.5796141021494,127.038684963773
스타벅스,청량리역사,서울특별시 동대문구 왕산로 214 (전농동) 청량리역사 Connect Place6층,동대문구,37.580565324,127.048564845
스타벅스,답십리초교사거리,서울특별시 동대문구 전농로 38 (답십리동),동대문구,37.5682540295405,127.057240883237
스타벅스,장안사거리,서울특별시 동대문구 답십리로 267 (장안동),동대문구,37.5727209002351,127.070092668638
스타벅스,서울숲역,서울특별시 성동구 왕십리로 50 (성수동1가) 1층,성동구,37.541868967552624,127.04489904228212
스타벅스,금호역,서울특별시 성동구 동호로 99 (금호동4가),성동구,37.5479939,127.0153343
스타벅스,뚝섬역,서울특별시 성동구 아차산로 42 (성수동1가),성동구,37.546432,127.049042
스타벅스,황학사거리,"서울특별시 성동구 왕십리로 410 (하왕십리동, 센트라스)",성동구,37.567644,127.023697
스타벅스,성수역,서울특별시 성동구 성수이로 94 (성수동2가),성동구,37.543193,127.056943
스타벅스,상왕십리역,서울특별시 성동구 왕십리로 382 (하왕십리동),성동구,37.5651102845783,127.028019796271
스타벅스,왕십리역,서울특별시 성동구 왕십리로 326 (도선동),성동구,37.5627541,127.0339072
스타벅스,한양대,"서울특별시 성동구 왕십리로 225 (행당동) 1,2층",성동구,37.55726984,127.0421649
스타벅스,엔터식스,서울특별시 성동구 왕십리광장로 17 (행당동),성동구,37.56175811,127.0383328
스타벅스,신금호역,서울특별시 성동구 금호로 158-1 (금호동1가) 1~5층 전체,성동구,37.5549672,127.0201447
스타벅스,왕십리역9번출구,서울특별시 성동구 고산자로 234 (행당동),성동구,37.5605427226347,127.035267332652
스타벅스,성수,서울특별시 성동구 아차산로 104 (성수동2가),성동구,37.5444620830457,127.055413311106
스타벅스,옥수,서울특별시 성동구 독서당로 202 (옥수동),성동구,37.5430298,127.0133661
스타벅스,성수낙낙,서울특별시 성동구 광나루로8길 31 (성수동2가) 성수낙낙 1층 101~107호,성동구,37.547326,127.066367
스타벅스,효창공원앞역,"서울특별시 용산구 백범로 313 (효창동, 용산 롯데캐슬 센터포레)",용산구,37.539305,126.963060
스타벅스,서울역서부,서울특별시 용산구 만리재로 202 (서계동),용산구,37.555165,126.968446
스타벅스,이태원역,서울특별시 용산구 이태원로 188 (이태원동),용산구,37.534273,126.994789
스타벅스,한강진역R,서울특별시 용산구 이태원로 252 (한남동),용산구,37.537131,127.00098
스타벅스,용산역써밋R,"서울특별시 용산구 한강대로 69 (한강로2가, 용산푸르지오써밋)",용산구,37.527586,126.965401
스타벅스,이촌,서울특별시 용산구 이촌로 276 (이촌동),용산구,37.518605,126.977271
스타벅스,신용산역,"서울특별시 용산구 한강대로 95 (한강로2가, 래미안용산)",용산구,37.528702,126.966757
스타벅스,용산파크타워,"서울특별시 용산구 서빙고로 67 (용산동5가, 파크타워)",용산구,37.523818,126.970389
스타벅스,남영동,서울특별시 용산구 한강대로 275 (갈월동),용산구,37.542831,126.972242
스타벅스,한남동R,서울특별시 용산구 독서당로 94 (한남동),용산구,37.53485,127.010919
스타벅스,서울타워,서울특별시 용산구 남산공원길 105 (용산동2가) YTN서울타워 1층,용산구,37.551102,126.988317
스타벅스,서울역동자동,서울특별시 용산구 한강대로 372 (동자동),용산구,37.551752,126.972694
스타벅스,순천향입구,서울특별시 용산구 대사관로 67 (한남동),용산구,37.533394,127.00563
스타벅스,숙대,서울특별시 용산구 청파로47길 57 (청파동3가),용산구,37.54460479,126.9672252
스타벅스,동빙고,서울특별시 용산구 장문로 12 (동빙고동),용산구,37.5289857,126.991782
스타벅스,숙대입구역,서울특별시 용산구 한강대로 291 (갈월동),용산구,37.544225782,126.971957017
스타벅스,용산아이파크몰,서울특별시 용산구 한강대로23길 55,용산구,37.5289068079414,126.964634547188
스타벅스,동부이촌동,서울특별시 용산구 이촌로 198 (이촌동),용산구,37.52111,126.96905
스타벅스,숙명여대정문,서울특별시 용산구 청파로47길 100 (청파동2가) 프라임관B1F(로비층),용산구,37.54474797,126.96484196
스타벅스,용산해링턴스퀘어,서울특별시 용산구 서빙고로 17 (한강로3가),용산구,37.5265379583476,126.967362090447
스타벅스,경리단길,서울특별시 용산구 회나무로 3 (이태원동),용산구,37.53854,126.98737
스타벅스,서울역사,서울특별시 용산구 한강대로 405 (동자동) 신-101호,용산구,37.55415699928705,126.97179361292846
스타벅스,용산리첸시아,"서울특별시 용산구 백범로 341 (원효로1가, 리첸시아 용산)",용산구,37.538571,126.967409
스타벅스,용산전자랜드,서울특별시 용산구 청파로 74 (한강로3가),용산구,37.53286105987034,126.96100091132484
스타벅스,상봉,"서울특별시 중랑구 상봉로 131 (상봉동, 상봉 듀오트리스 주상복합)",중랑구,37.597842,127.092509
스타벅스,중랑역,서울특별시 중랑구 망우로30길 3 (상봉동),중랑구,37.5930326,127.07473579999998
스타벅스,중랑구청,서울특별시 중랑구 신내로 72,중랑구,37.60538908,127.0957558
스타벅스,사가정역,서울특별시 중랑구 면목로 310,중랑구,37.579594,127.087966
스타벅스,상봉역,서울특별시 중랑구 망우로 307 (상봉동),중랑구,37.59689,127.08647
스타벅스,묵동,"서울특별시 중랑구 동일로 952 (묵동, 로프트원 태릉입구역) 1층",중랑구,37.615368,127.076633
스타벅스,양원역,서울특별시 중랑구 양원역로10길 3 (망우동),중랑구,37.6066536267232,127.106359790053
스타벅스,중화역,서울특별시 중랑구 봉화산로 35 1층,중랑구,37.60170912407773,127.07841136432036
이디야,금란망우점,서울특별시 중랑구 봉화산로 35 1층,중랑구,37.6018095864644,127.078324330908
이디야,동원사거리점,서울특별시 중랑구 봉화산로 35 1층,중랑구,37.5896269575279,127.094182772191
이디야,망우동점,서울특별시 중랑구 봉화산로 35 1층,중랑구,37.6018095864644,127.078324330908
이디야,망우중앙점,서울특별시 중랑구 봉화산로 35 1층,중랑구,37.5974674047065,127.09415879594557
이디야,망우코레일점,서울특별시 중랑구 봉화산로 35 1층,중랑구,37.5992876153903,127.092756577852
이디야,먹골역점,서울특별시 중랑구 봉화산로 35 1층,중랑구,37.6097411262067,127.076897926489
이디야,면목경남아너스빌점,서울특별시 중랑구 봉화산로 35 1층,중랑구,37.574252177368244,127.08048931056359
이디야,면목늘찬병원점,서울특별시 중랑구 봉화산로 35 1층,중랑구,37.5879908042663,127.079680860838
이디야,면목역점,서울특별시 중랑구 봉화산로 35 1층,중랑구,37.5901934659094,127.086826066156
이디야,봉화산역점,서울특별시 중랑구 봉화산로 35 1층,중랑구,37.6018095864644,127.078324330908
이디야,사가정아이파크점,서울특별시 중랑구 봉화산로 35 1층,중랑구,37.5834835948977,127.083196727099
이디야,사가정역점,서울특별시 중랑구 봉화산로 35 1층,중랑구,37.6018095864644,127.078324330908
이디야,상봉엠코점,서울특별시 중랑구 봉화산로 35 1층,중랑구,37.6018095864644,127.078324330908
이디야,상봉역점,서울특별시 중랑구 봉화산로 35 1층,중랑구,37.5960553404392,127.08342099906
이디야,상봉중앙점,서울특별시 중랑구 봉화산로 35 1층,중랑구,37.6018095864644,127.078324330908
이디야,서울상봉1동점,서울특별시 중랑구 봉화산로 35 1층,중랑구,37.6002908828924,127.087790157773
이디야,서울중화초등학교점,서울특별시 중랑구 봉화산로 35 1층,중랑구,37.60237451498618,127.09544803898843
이디야,서일중앙점,서울특별시 중랑구 봉화산로 35 1층,중랑구,37.6018095864644,127.078324330908
이디야,신내동점,서울특별시 중랑구 봉화산로 35 1층,중랑구,37.6018095864644,127.078324330908
이디야,양원역점,서울특별시 중랑구 봉화산로 35 1층,중랑구,37.60748470605642,127.10675146670297
이디야,중랑교차로점,서울특별시 중랑구 봉화산로 35 1층,중랑구,37.6018095864644,127.078324330908
이디야,중랑역점,서울특별시 중랑구 봉화산로 35 1층,중랑구,37.6018095864644,127.078324330908
이디야,중화동점,서울특별시 중랑구 봉화산로 35 1층,중랑구,37.5993838458016,127.079542626772
이디야,화랑대역점,서울특별시 중랑구 봉화산로 35 1층,중랑구,37.61954020149987,127.08413727538176
이디야,강남YMCA점,서울특별시 중랑구 봉화산로 35 1층,중랑구,37.6018095864644,127.078324330908
이디야,강남구청역아이티웨딩점,서울특별시 중랑구 봉화산로 35 1층,중랑구,37.51654171724045,127.0401601992311
이디야,강남논현학동점,서울특별시 중랑구 봉화산로 35 1층,중랑구,37.51408005446769,127.02810578707652
이디야,강남대치점,서울특별시 중랑구 봉화산로 35 1층,중랑구,37.50133876179308,127.05242928262568
이디야,강남도산점,서울특별시 중랑구 봉화산로 35 1층,중랑구,37.6018095864644,127.078324330908
이디야,강남율현점,서울특별시 중랑구 봉화산로 35 1층,중랑구,37.4735487656314,127.107863694133
이디야,개포동역점,서울특별시 중랑구 봉화산로 35 1층,중랑구,37.488604436046536,127.06742226515867
이디야,건설회관점,서울특별시 중랑구 봉화산로 35 1층,중랑구,37.6018095864644,127.078324330908
이디야,대청역점,서울특별시 중랑구 봉화산로 35 1층,중랑구,37.49418891219431,127.07764131137398
이디야,대치역점,서울특별시 중랑구 봉화산로 35 1층,중랑구,37.4940924880388,127.061617564506
이디야,도곡2동점,서울특별시 중랑구 봉화산로 35 1층,중랑구,37.482353824702095,127.04304591726503
이디야,도산사거리점,서울특별시 중랑구 봉화산로 35 1층,중랑구,37.6018095864644,127.078324330908
이디야,삼성대치점,서울특별시 중랑구 봉화산로 35 1층,중랑구,37.50043704079942,127.06310437319587
이디야,삼성동점,서울특별시 중랑구 봉화산로 35 1층,중랑구,37.6018095864644,127.078324330908
이디야,삼성중앙역점,서울특별시 중랑구 봉화산로 35 1층,중랑구,37.5138886492475,127.053299510545
이디야,삼성한전점,서울특별시 중랑구 봉화산로 35 1층,중랑구,37.6018095864644,127.078324330908
이디야,선릉역점,서울특별시 중랑구 봉화산로 35 1층,중랑구,37.503774633134,127.048192060882
이디야,선릉점,서울특별시 중랑구 봉화산로 35 1층,중랑구,37.50346806209728,127.05088702698811
이디야,신사역점,서울특별시 중랑구 봉화산로 35 1층,중랑구,37.517782772275645,127.02145819084597
이디야,압구정현대점,서울특별시 중랑구 봉화산로 35 1층,중랑구,37.527994487818226,127.03073566616045
이디야,역삼더블루점,서울특별시 중랑구 봉화산로 35 1층,중랑구,37.6018095864644,127.078324330908
이디야,역삼역점,서울특별시 중랑구 봉화산로 35 1층,중랑구,37.50178663316214,127.03523956508853
이디야,역삼월드점,서울특별시 중랑구 봉화산로 35 1층,중랑구,37.49854753271711,127.04798299548432
이디야,역삼점,서울특별시 중랑구 봉화산로 35 1층,중랑구,37.6018095864644,127.078324330908
이디야,역삼중앙점,서울특별시 중랑구 봉화산로 35 1층,중랑구,37.5003154494517,127.04292899982501
이디야,역삼초교점,서울특별시 중랑구 봉화산로 35 1층,중랑구,37.6018095864644,127.078324330908
이디야,역삼충현점,서울특별시 중랑구 봉화산로 35 1층,중랑구,37.6018095864644,127.078324330908
이디야,역삼플래티넘점,서울특별시 중랑구 봉화산로 35 1층,중랑구,37.6018095864644,127.078324330908
이디야,을지병원사거리점,서울특별시 중랑구 봉화산로 35 1층,중랑구,37.6018095864644,127.078324330908
이디야,이디야커피랩,서울특별시 중랑구 봉화산로 35 1층,중랑구,37.51047297481296,127.032981540064
이디야,일원동점,서울특별시 중랑구 봉화산로 35 1층,중랑구,37.49040201406986,127.08160067456867
이디야,청담사거리점,서울특별시 중랑구 봉화산로 35 1층,중랑구,37.524855870334314,127.05035288418118
이디야,청담역점,서울특별시 중랑구 봉화산로 35 1층,중랑구,37.5200643058897,127.049146860404
이디야,포이사거리점,서울특별시 중랑구 봉화산로 35 1층,중랑구,37.6018095864644,127.078324330908
이디야,학동역점,서울특별시 중랑구 봉화산로 35 1층,중랑구,37.51499417378034,127.03312378880225
이디야,학동제마점,서울특별시 중랑구 봉화산로 35 1층,중랑구,37.5131174134101,127.033652198273
이디야,한티역점,서울특별시 중랑구 봉화산로 35 1층,중랑구,37.4979490135961,127.056118735013
이디야,4.19사거리점,서울특별시 중랑구 봉화산로 35 1층,중랑구,37.6018095864644,127.078324330908
이디야,가오리역점,서울특별시 중랑구 봉화산로 35 1층,중랑구,37.6406008108564,127.016163948133
이디야,미아꿈의숲해링턴점,서울특별시 중랑구 봉화산로 35 1층,중랑구,37.6169375235603,127.034460650104
이디야,미아역점,서울특별시 중랑구 봉화산로 35 1층,중랑구,37.6270583442503,127.02547799375
이디야,미아중앙점,서울특별시 중랑구 봉화산로 35 1층,중랑구,37.6204702944714,127.028752360124
이디야,번동점,서울특별시 중랑구 봉화산로 35 1층,중랑구,37.6288359683906,127.03987378053
이디야,북한산점,서울특별시 중랑구 봉화산로 35 1층,중랑구,37.6447601874917,127.005613427587
이디야,삼각산점,서울특별시 중랑구 봉화산로 35 1층,중랑구,37.6199160790664,127.016024676372
이디야,수유사거리점,서울특별시 중랑구 봉화산로 35 1층,중랑구,37.6018095864644,127.078324330908
이디야,수유역점,서울특별시 중랑구 봉화산로 35 1층,중랑구,37.6018095864644,127.078324330908
이디야,우이역도선사점,서울특별시 중랑구 봉화산로 35 1층,중랑구,37.6018095864644,127.078324330908
이디야,한신대점,서울특별시 중랑구 봉화산로 35 1층,중랑구,37.6018095864644,127.078324330908
이디야,가양역점,서울특별시 중랑구 봉화산로 35 1층,중랑구,37.6018095864644,127.078324330908
이디야,강서nc점,서울특별시 중랑구 봉화산로 35 1층,중랑구,37.6018095864644,127.078324330908
이디야,강서교차로점,서울특별시 중랑구 봉화산로 35 1층,중랑구,37.5549542664078,126.855918740576
이디야,강서구청점,서울특별시 중랑구 봉화산로 35 1층,중랑구,37.6018095864644,127.078324330908
이디야,강서한강자이점,서울특별시 중랑구 봉화산로 35 1층,중랑구,37.6018095864644,127.078324330908
이디야,개화산역점,서울특별시 중랑구 봉화산로 35 1층,중랑구,37.5722836809967,126.80696733511
이디야,개화산점,서울특별시 중랑구 봉화산로 35 1층,중랑구,37.5723030060453,126.806994113323
이디야,공항시장역점,서울특별시 중랑구 봉화산로 35 1층,중랑구,37.5641822785808,126.810682079138
이디야,까치산로점,서울특별시 중랑구 봉화산로 35 1층,중랑구,37.6018095864644,127.078324330908
이디야,까치산역점,서울특별시 중랑구 봉화산로 35 1층,중랑구,37.6018095864644,127.078324330908
이디야,등촌3동성당점,서울특별시 중랑구 봉화산로 35 1층,중랑구,37.5588989867375,126.844878507014
이디야,등촌동점,서울특별시 중랑구 봉화산로 35 1층,중랑구,37.6018095864644,127.078324330908
이디야,등촌역점,서울특별시 중랑구 봉화산로 35 1층,중랑구,37.6018095864644,127.078324330908
이디야,등촌중앙점,서울특별시 중랑구 봉화산로 35 1층,중랑구,37.53608583794484,126.86312283631494
이디야,렘넌트문화센터점,서울특별시 중랑구 봉화산로 35 1층,중랑구,37.55786209369936,126.84945198496683
이디야,마곡대방디엠씨티점,서울특별시 중랑구 봉화산로 35 1층,중랑구,37.56843913691685,126.84038658631331
이디야,마곡수명산점,서울특별시 중랑구 봉화산로 35 1층,중랑구,37.552676073225,126.826675489517
이디야,마곡엠밸리점,서울특별시 중랑구 봉화산로 35 1층,중랑구,37.5626706927393,126.823605646871
이디야,마곡중앙점,서울특별시 중랑구 봉화산로 35 1층,중랑구,37.6018095864644,127.078324330908
이디야,마곡퀸즈파크9점,서울특별시 중랑구 봉화산로 35 1층,중랑구,37.5593135416408,126.83523920295
이디야,마곡파인스퀘어점,서울특별시 중랑구 봉화산로 35 1층,중랑구,37.5582813792344,126.829290828058
이디야,마곡헤리움점,서울특별시 중랑구 봉화산로 35 1층,중랑구,37.5692420716795,126.826138036672
이디야,발산역점,서울특별시 중랑구 봉화산로 35 1층,중랑구,37.55807272536136,126.8383941467497
이디야,방화동로점,서울특별시 중랑구 봉화산로 35 1층,중랑구,37.5690161610357,126.812631152778
이디야,방화사거리점,서울특별시 중랑구 봉화산로 35 1층,중랑구,37.5732116324409,126.811777075121
이디야,송정역점,서울특별시 중랑구 봉화산로 35 1층,중랑구,37.5611712399241,126.809951413051
이디야,신방화역점,서울특별시 중랑구 봉화산로 35 1층,중랑구,37.5671170824829,126.818597219555
이디야,신방화중앙점,서울특별시 중랑구 봉화산로 35 1층,중랑구,37.5708583976379,126.821451112442
이디야,염창동점,서울특별시 중랑구 봉화산로 35 1층,중랑구,37.6018095864644,127.078324330908
이디야,우장산동점,서울특별시 중랑구 봉화산로 35 1층,중랑구,37.6018095864644,127.078324330908
이디야,우장산역점,서울특별시 중랑구 봉화산로 35 1층,중랑구,37.6018095864644,127.078324330908
이디야,화곡로점,서울특별시 중랑구 봉화산로 35 1층,중랑구,37.6018095864644,127.078324330908
이디야,화곡본동시장점,서울특별시 중랑구 봉화산로 35 1층,중랑구,37.54223429652289,126.84424724638545
이디야,화곡사거리점,서울특별시 중랑구 봉화산로 35 1층,중랑구,37.6018095864644,127.078324330908
이디야,화곡중앙시장점,서울특별시 중랑구 봉화산로 35 1층,중랑구,37.6018095864644,127.078324330908
이디야,관악우성점,서울특별시 중랑구 봉화산로 35 1층,중랑구,37.4849644283346,126.95603357684
이디야,관악하나로마트점,서울특별시 중랑구 봉화산로 35 1층,중랑구,37.4801290693885,126.902896907397
이디야,낙성대역점,서울특별시 중랑구 봉화산로 35 1층,중랑구,37.6018095864644,127.078324330908
이디야,난곡사거리점,서울특별시 중랑구 봉화산로 35 1층,중랑구,37.4809279906563,126.911256043771
이디야,남현홈플러스점,서울특별시 중랑구 봉화산로 35 1층,중랑구,37.6018095864644,127.078324330908
이디야,녹두거리점,서울특별시 중랑구 봉화산로 35 1층,중랑구,37.6018095864644,127.078324330908
이디야,보라매중앙점,서울특별시 중랑구 봉화산로 35 1층,중랑구,37.6018095864644,127.078324330908
이디야,봉일시장점,서울특별시 중랑구 봉화산로 35 1층,중랑구,37.6018095864644,127.078324330908
이디야,봉천역점,서울특별시 중랑구 봉화산로 35 1층,중랑구,37.6018095864644,127.078324330908
이디야,봉천현대시장점,서울특별시 중랑구 봉화산로 35 1층,중랑구,37.4857087156598,126.946749008784
이디야,서울대중앙점,서울특별시 중랑구 봉화산로 35 1층,중랑구,37.48137982242393,126.9490007619789
이디야,신대방역점,서울특별시 중랑구 봉화산로 35 1층,중랑구,37.6018095864644,127.078324330908
이디야,신림난곡점,서울특별시 중랑구 봉화산로 35 1층,중랑구,37.4725400701048,126.918942273894
이디야,신림남부초교점,서울특별시 중랑구 봉화산로 35 1층,중랑구,37.4834018259286,126.921883674693
이디야,신림대학동점,서울특별시 중랑구 봉화산로 35 1층,중랑구,37.6018095864644,127.078324330908
이디야,신림문화교점,서울특별시 중랑구 봉화산로 35 1층,중랑구,37.4784569907315,126.933022235665
이디야,신림미성점,서울특별시 중랑구 봉화산로 35 1층,중랑구,37.4765402893322,126.915984298817
이디야,신림신원점,서울특별시 중랑구 봉화산로 35 1층,중랑구,37.6018095864644,127.078324330908
이디야,신림신화교점,서울특별시 중랑구 봉화산로 35 1층,중랑구,37.475523804882876,126.93620717411919
이디야,신림역점,서울특별시 중랑구 봉화산로 35 1층,중랑구,37.48218874829938,126.93014982439058
이디야,신림패션문화점,서울특별시 중랑구 봉화산로 35 1층,중랑구,37.488621134755,126.925430749958
이디야,청룡중앙점,서울특별시 중랑구 봉화산로 35 1층,중랑구,37.6018095864644,127.078324330908
이디야,건대로데오점,서울특별시 중랑구 봉화산로 35 1층,중랑구,37.6018095864644,127.078324330908
이디야,건대스타시티2호점,서울특별시 중랑구 봉화산로 35 1층,중랑구,37.6018095864644,127.078324330908
이디야,건대스타시티점,서울특별시 중랑구 봉화산로 35 1층,중랑구,37.6018095864644,127.078324330908
이디야,건대역점,서울특별시 중랑구 봉화산로 35 1층,중랑구,37.6018095864644,127.078324330908
이디야,구의사거리점,서울특별시 중랑구 봉화산로 35 1층,중랑구,37.6018095864644,127.078324330908
이디야,구의역점,서울특별시 중랑구 봉화산로 35 1층,중랑구,37.6018095864644,127.078324330908
이디야,구의자양로점,서울특별시 중랑구 봉화산로 35 1층,중랑구,37.548993161964745,127.0893030454462
이디야,군자역점,서울특별시 중랑구 봉화산로 35 1층,중랑구,37.6018095864644,127.078324330908
이디야,동서울터미널점,서울특별시 중랑구 봉화산로 35 1층,중랑구,37.6018095864644,127.078324330908
이디야,세종대후문점,서울특별시 중랑구 봉화산로 35 1층,중랑구,37.6018095864644,127.078324330908
이디야,아차산역점,서울특별시 중랑구 봉화산로 35 1층,중랑구,37.6018095864644,127.078324330908
이디야,자양동점,서울특별시 중랑구 봉화산로 35 1층,중랑구,37.6018095864644,127.078324330908
이디야,자양우성점,서울특별시 중랑구 봉화산로 35 1층,중랑구,37.6018095864644,127.078324330908
이디야,중곡대원점,서울특별시 중랑구 봉화산로 35 1층,중랑구,37.6018095864644,127.078324330908
이디야,중곡신성점,서울특별시 중랑구 봉화산로 35 1층,중랑구,37.557021695282,127.087723525693
이디야,중곡중앙점,서울특별시 중랑구 봉화산로 35 1층,중랑구,37.6018095864644,127.078324330908
이디야,가산두산위브점,서울특별시 중랑구 봉화산로 35 1층,중랑구,37.6018095864644,127.078324330908
이디야,가산리더스타워점,서울특별시 중랑구 봉화산로 35 1층,중랑구,37.6018095864644,127.078324330908
이디야,가산벽산점,서울특별시 중랑구 봉화산로 35 1층,중랑구,37.6018095864644,127.078324330908
이디야,가산오거리점,서울특별시 중랑구 봉화산로 35 1층,중랑구,37.478860594893845,126.8901033556771
이디야,가산월드점,서울특별시 중랑구 봉화산로 35 1층,중랑구,37.6018095864644,127.078324330908
이디야,가산하이엔드10차점,서울특별시 중랑구 봉화산로 35 1층,중랑구,37.4688028726128,126.88749549372684
이디야,금천롯데마트점,서울특별시 중랑구 봉화산로 35 1층,중랑구,37.6018095864644,127.078324330908
이디야,독산동쌈지공원점,서울특별시 중랑구 봉화산로 35 1층,중랑구,37.471350493002376,126.9032865178164
이디야,독산동점,서울특별시 중랑구 봉화산로 35 1층,중랑구,37.46635783819566,126.90200430635853
이디야,박미삼거리점,서울특별시 중랑구 봉화산로 35 1층,중랑구,37.6018095864644,127.078324330908
이디야,석수푸르지오점,서울특별시 중랑구 봉화산로 35 1층,중랑구,37.43411234401002,126.90472649315366
이디야,세광교회점,서울특별시 중랑구 봉화산로 35 1층,중랑구,37.6018095864644,127.078324330908
이디야,시흥동점,서울특별시 중랑구 봉화산로 35 1층,중랑구,37.6018095864644,127.078324330908
이디야,시흥사거리점,서울특별시 중랑구 봉화산로 35 1층,중랑구,37.6018095864644,127.078324330908
이디야,시흥유통센터점,서울특별시 중랑구 봉화산로 35 1층,중랑구,37.6018095864644,127.078324330908
이디야,시흥중앙점,서울특별시 중랑구 봉화산로 35 1층,중랑구,37.6018095864644,127.078324330908
이디야,은행나무사거리점,서울특별시 중랑구 봉화산로 35 1층,중랑구,37.6018095864644,127.078324330908
이디야,공릉역점,서울특별시 중랑구 봉화산로 35 1층,중랑구,37.6018095864644,127.078324330908
이디야,광운대점,서울특별시 중랑구 봉화산로 35 1층,중랑구,37.6018095864644,127.078324330908
이디야,노원사거리점,서울특별시 중랑구 봉화산로 35 1층,중랑구,37.6018095864644,127.078324330908
이디야,노원중앙점,서울특별시 중랑구 봉화산로 35 1층,중랑구,37.6018095864644,127.078324330908
이디야,당고개역점,서울특별시 중랑구 봉화산로 35 1층,중랑구,37.6018095864644,127.078324330908
이디야,상계동점,서울특별시 중랑구 봉화산로 35 1층,중랑구,37.6018095864644,127.078324330908
이디야,상계상록스토아점,서울특별시 중랑구 봉화산로 35 1층,중랑구,37.6701880464645,127.054677638301
이디야,상계역사거리점,서울특별시 중랑구 봉화산로 35 1층,중랑구,37.6018095864644,127.078324330908
이디야,상계역점,서울특별시 중랑구 봉화산로 35 1층,중랑구,37.6018095864644,127.078324330908
이디야,상계중앙점,서울특별시 중랑구 봉화산로 35 1층,중랑구,37.6018095864644,127.078324330908
이디야,서울여대점,서울특별시 중랑구 봉화산로 35 1층,중랑구,37.6018095864644,127.078324330908
이디야,수락산역점,서울특별시 중랑구 봉화산로 35 1층,중랑구,37.6018095864644,127.078324330908
이디야,원자력병원점,서울특별시 중랑구 봉화산로 35 1층,중랑구,37.6018095864644,127.078324330908
이디야,월계이마트점,서울특별시 중랑구 봉화산로 35 1층,중랑구,37.6265093604229,127.061979778612
이디야,월계인덕점,서울특별시 중랑구 봉화산로 35 1층,중랑구,37.6018095864644,127.078324330908
이디야,중계롯데우성점,서울특별시 중랑구 봉화산로 35 1층,중랑구,37.6018095864644,127.078324330908
이디야,중계본동점,서울특별시 중랑구 봉화산로 35 1층,중랑구,37.649884209754255,127.0826133945026
이디야,중계점,서울특별시 중랑구 봉화산로 35 1층,중랑구,37.6018095864644,127.078324330908
이디야,태릉입구역점,서울특별시 중랑구 봉화산로 35 1층,중랑구,37.6196132389484,127.077885277951
이디야,하계을지점,서울특별시 중랑구 봉화산로 35 1층,중랑구,37.6018095864644,127.078324330908
이디야,덕성여대점,서울특별시 중랑구 봉화산로 35 1층,중랑구,37.6516084987977,127.01319601269354
이디야,도봉구청점,서울특별시 중랑구 봉화산로 35 1층,중랑구,37.6018095864644,127.078324330908
이디야,도봉산점,서울특별시 중랑구 봉화산로 35 1층,중랑구,37.68753761913406,127.04374413595103
이디야,도봉역점,서울특별시 중랑구 봉화산로 35 1층,중랑구,37.6018095864644,127.078324330908
이디야,도봉중앙점,서울특별시 중랑구 봉화산로 35 1층,중랑구,37.6018095864644,127.078324330908
이디야,방학사거리점,서울특별시 중랑구 봉화산로 35 1층,중랑구,37.6018095864644,127.078324330908
이디야,방학역점,서울특별시 중랑구 봉화산로 35 1층,중랑구,37.6018095864644,127.078324330908
이디야,방학점,서울특별시 중랑구 봉화산로 35 1층,중랑구,37.6018095864644,127.078324330908
이디야,선덕고사거리점,서울특별시 중랑구 봉화산로 35 1층,중랑구,37.6018095864644,127.078324330908
이디야,솔밭공원역점,서울특별시 중랑구 봉화산로 35 1층,중랑구,37.6560582306343,127.013556949839
이디야,신창점,서울특별시 중랑구 봉화산로 35 1층,중랑구,37.6389379513295,127.038109547969
이디야,쌍문동점,서울특별시 중랑구 봉화산로 35 1층,중랑구,37.648691425654484,127.02717853006696
이디야,쌍문역점,서울특별시 중랑구 봉화산로 35 1층,중랑구,37.6494415919409,127.034706714207
이디야,창동대우점,서울특별시 중랑구 봉화산로 35 1층,중랑구,37.64346473981549,127.03874807786094
이디야,창동블루핀점,서울특별시 중랑구 봉화산로 35 1층,중랑구,37.66046447659116,127.04959433985911
이디야,창동역점,서울특별시 중랑구 봉화산로 35 1층,중랑구,37.6534171446527,127.049667391336
이디야,창동제일점,서울특별시 중랑구 봉화산로 35 1층,중랑구,37.64890361348041,127.05250451283373
이디야,창동하나로마트점,서울특별시 중랑구 봉화산로 35 1층,중랑구,37.654796530681295,127.05139242088684
이디야,창동학원가점,서울특별시 중랑구 봉화산로 35 1층,중랑구,37.6018095864644,127.078324330908
이디야,남성역점,서울특별시 중랑구 봉화산로 35 1층,중랑구,37.6018095864644,127.078324330908
이디야,노들점,서울특별시 중랑구 봉화산로 35 1층,중랑구,37.6018095864644,127.078324330908
이디야,노량진CTS점,서울특별시 중랑구 봉화산로 35 1층,중랑구,37.6018095864644,127.078324330908
이디야,노량진드림스퀘어점,서울특별시 중랑구 봉화산로 35 1층,중랑구,37.514162523894726,126.93865425871968
이디야,노량진역사점,서울특별시 중랑구 봉화산로 35 1층,중랑구,37.513574825476404,126.94082532227891
이디야,대방역점,서울특별시 중랑구 봉화산로 35 1층,중랑구,37.51290838049896,126.92834765518518
이디야,보라매공원점,서울특별시 중랑구 봉화산로 35 1층,중랑구,37.6018095864644,127.078324330908
이디야,보라매점,서울특별시 중랑구 봉화산로 35 1층,중랑구,37.6018095864644,127.078324330908
이디야,사당역점,서울특별시 중랑구 봉화산로 35 1층,중랑구,37.6018095864644,127.078324330908
이디야,상도역점,서울특별시 중랑구 봉화산로 35 1층,중랑구,37.6018095864644,127.078324330908
이디야,상도중앙점,서울특별시 중랑구 봉화산로 35 1층,중랑구,37.50632113638169,126.94715442128768
이디야,상도파크엘점,서울특별시 중랑구 봉화산로 35 1층,중랑구,37.5007111108525,126.945556219571
이디야,신대방삼거리점,서울특별시 중랑구 봉화산로 35 1층,중랑구,37.499545156936364,126.92914752489297
이디야,이수중앙점,서울특별시 중랑구 봉화산로 35 1층,중랑구,37.6018095864644,127.078324330908
이디야,중앙대점,서울특별시 중랑구 봉화산로 35 1층,중랑구,37.6018095864644,127.078324330908
이디야,중앙대후문점,서울특별시 중랑구 봉화산로 35 1층,중랑구,37.5048307436215,126.9530308556
이디야,총신대입구역점,서울특별시 중랑구 봉화산로 35 1층,중랑구,37.6018095864644,127.078324330908
이디야,총신대점,서울특별시 중랑구 봉화산로 35 1층,중랑구,37.6018095864644,127.078324330908
이디야,해군회관점,서울특별시 중랑구 봉화산로 35 1층,중랑구,37.6018095864644,127.078324330908
이디야,흑석역점,서울특별시 중랑구 봉화산로 35 1층,중랑구,37.5076446931125,126.964738341052
이디야,공덕롯데캐슬점,서울특별시 중랑구 봉화산로 35 1층,중랑구,37.5451188164137,126.950886259458
이디야,대흥역점,서울특별시 중랑구 봉화산로 35 1층,중랑구,37.6018095864644,127.078324330908
이디야,마포공덕역점,서울특별시 중랑구 봉화산로 35 1층,중랑구,37.54203652124145,126.95051136853504
이디야,마포구청점,서울특별시 중랑구 봉화산로 35 1층,중랑구,37.6018095864644,127.078324330908
이디야,마포성산시영점,서울특별시 중랑구 봉화산로 35 1층,중랑구,37.5692205219891,126.905804329554
이디야,마포점,서울특별시 중랑구 봉화산로 35 1층,중랑구,37.6018095864644,127.078324330908
이디야,망리단길점,서울특별시 중랑구 봉화산로 35 1층,중랑구,37.5543135567568,126.905265725284
이디야,망원역점,서울특별시 중랑구 봉화산로 35 1층,중랑구,37.6018095864644,127.078324330908
이디야,망원중앙점,서울특별시 중랑구 봉화산로 35 1층,중랑구,37.6018095864644,127.078324330908
이디야,상수역점,서울특별시 중랑구 봉화산로 35 1층,중랑구,37.6018095864644,127.078324330908
이디야,상암DMC점,서울특별시 중랑구 봉화산로 35 1층,중랑구,37.6018095864644,127.078324330908
이디야,상암한샘점,서울특별시 중랑구 봉화산로 35 1층,중랑구,37.6018095864644,127.078324330908
이디야,상암홈플러스점,서울특별시 중랑구 봉화산로 35 1층,중랑구,37.6018095864644,127.078324330908
이디야,서교동점,서울특별시 중랑구 봉화산로 35 1층,중랑구,37.6018095864644,127.078324330908
이디야,성산점,서울특별시 중랑구 봉화산로 35 1층,중랑구,37.6018095864644,127.078324330908
이디야,성산중앙점,서울특별시 중랑구 봉화산로 35 1층,중랑구,37.6018095864644,127.078324330908
이디야,신촌그랑자이점,서울특별시 중랑구 봉화산로 35 1층,중랑구,37.5558352535218,126.945660437538
이디야,신촌로터리점,서울특별시 중랑구 봉화산로 35 1층,중랑구,37.6018095864644,127.078324330908
이디야,신촌숲아이파크점,서울특별시 중랑구 봉화산로 35 1층,중랑구,37.550314872049455,126.93551824572988
이디야,신촌하나로마트점,서울특별시 중랑구 봉화산로 35 1층,중랑구,37.5560664973453,126.933116598433
이디야,애오개역점,서울특별시 중랑구 봉화산로 35 1층,중랑구,37.6018095864644,127.078324330908
이디야,오벨리스크점,서울특별시 중랑구 봉화산로 35 1층,중랑구,37.6018095864644,127.078324330908
이디야,합정LIG점,서울특별시 중랑구 봉화산로 35 1층,중랑구,37.6018095864644,127.078324330908
이디야,합정동점,서울특별시 중랑구 봉화산로 35 1층,중랑구,37.6018095864644,127.078324330908
이디야,합정역사거리점,서울특별시 중랑구 봉화산로 35 1층,중랑구,37.6018095864644,127.078324330908
이디야,합정홈플러스점,서울특별시 중랑구 봉화산로 35 1층,중랑구,37.6018095864644,127.078324330908
이디야,홍대청기와점,서울특별시 중랑구 봉화산로 35 1층,중랑구,37.6018095864644,127.078324330908
이디야,홍익대점,서울특별시 중랑구 봉화산로 35 1층,중랑구,37.6018095864644,127.078324330908
이디야,가재울중앙점,서울특별시 중랑구 봉화산로 35 1층,중랑구,37.6018095864644,127.078324330908
이디야,명지대점,서울특별시 중랑구 봉화산로 35 1층,중랑구,37.6018095864644,127.078324330908
이디야,명지전문대점,서울특별시 중랑구 봉화산로 35 1층,중랑구,37.6018095864644,127.078324330908
이디야,북가좌동점,서울특별시 중랑구 봉화산로 35 1층,중랑구,37.6018095864644,127.078324330908
이디야,서대문구청점,서울특별시 중랑구 봉화산로 35 1층,중랑구,37.57824224353534,126.93569228371322
이디야,서대문점,서울특별시 중랑구 봉화산로 35 1층,중랑구,37.6018095864644,127.078324330908
이디야,신촌기차역점,서울특별시 중랑구 봉화산로 35 1층,중랑구,37.6018095864644,127.078324330908
이디야,신촌역점,서울특별시 중랑구 봉화산로 35 1층,중랑구,37.6018095864644,127.078324330908
이디야,아현역점,서울특별시 중랑구 봉화산로 35 1층,중랑구,37.5576654886412,126.957137829236
이디야,연남동점,서울특별시 중랑구 봉화산로 35 1층,중랑구,37.6018095864644,127.078324330908
이디야,연세대점,서울특별시 중랑구 봉화산로 35 1층,중랑구,37.6018095864644,127.078324330908
이디야,연세의료원ABMRC점,서울특별시 중랑구 봉화산로 35 1층,중랑구,37.563674036531,126.941917689273
이디야,연세의료원제중관점,서울특별시 중랑구 봉화산로 35 1층,중랑구,37.56204444440694,126.9396619657622
이디야,연세의료원종합관점,서울특별시 중랑구 봉화산로 35 1층,중랑구,37.56128805404262,126.94054256718223
이디야,연희홍연길점,서울특별시 중랑구 봉화산로 35 1층,중랑구,37.5763814406771,126.930025142924
이디야,충정로3가점,서울특별시 중랑구 봉화산로 35 1층,중랑구,37.5610226183,126.962192415514
이디야,홍은사거리점,서울특별시 중랑구 봉화산로 35 1층,중랑구,37.6018095864644,127.078324330908
이디야,강남센트럴시티점,서울특별시 중랑구 봉화산로 35 1층,중랑구,37.503934456230404,127.00241119724721
이디야,교대역점,서울특별시 중랑구 봉화산로 35 1층,중랑구,37.49348156830381,127.01711123409879
이디야,국립국악원점,서울특별시 중랑구 봉화산로 35 1층,중랑구,37.4777188083482,127.009818464555
이디야,국립중앙도서관디지털관점,서울특별시 중랑구 봉화산로 35 1층,중랑구,37.49784541491314,127.00399194893603
이디야,국립중앙도서관본관점,서울특별시 중랑구 봉화산로 35 1층,중랑구,37.49759316196095,127.0030193959796
이디야,남부터미널점,서울특별시 중랑구 봉화산로 35 1층,중랑구,37.6018095864644,127.078324330908
이디야,내방역점,서울특별시 중랑구 봉화산로 35 1층,중랑구,37.6018095864644,127.078324330908
이디야,반포지하상가점,서울특별시 중랑구 봉화산로 35 1층,중랑구,37.506219322319325,127.0050532634284
이디야,방배역점,서울특별시 중랑구 봉화산로 35 1층,중랑구,37.6018095864644,127.078324330908
이디야,방배중앙점,서울특별시 중랑구 봉화산로 35 1층,중랑구,37.6018095864644,127.078324330908
이디야,서울고교점,서울특별시 중랑구 봉화산로 35 1층,중랑구,37.6018095864644,127.078324330908
이디야,서울고속버스터미널점,서울특별시 중랑구 봉화산로 35 1층,중랑구,37.5057291465854,127.00568884262598
이디야,서울교대점,서울특별시 중랑구 봉화산로 35 1층,중랑구,37.6018095864644,127.078324330908
이디야,서초법조타운점,서울특별시 중랑구 봉화산로 35 1층,중랑구,37.49479378533478,127.01448803642147
이디야,서초역점,서울특별시 중랑구 봉화산로 35 1층,중랑구,37.6018095864644,127.078324330908
이디야,서초우면중앙점,서울특별시 중랑구 봉화산로 35 1층,중랑구,37.45646459702972,127.01625285612394
이디야,서초점,서울특별시 중랑구 봉화산로 35 1층,중랑구,37.510472981127,127.0329589189837
이디야,신사멀버리힐스점,서울특별시 중랑구 봉화산로 35 1층,중랑구,37.5144406772564,127.019386390307
이디야,양재언남점,서울특별시 중랑구 봉화산로 35 1층,중랑구,37.6018095864644,127.078324330908
이디야,양재점,서울특별시 중랑구 봉화산로 35 1층,중랑구,37.4860263770271,127.031487443707
이디야,양재중앙점,서울특별시 중랑구 봉화산로 35 1층,중랑구,37.6018095864644,127.078324330908
이디야,양재하나로마트점,서울특별시 중랑구 봉화산로 35 1층,중랑구,37.6018095864644,127.078324330908
이디야,예술의전당점,서울특별시 중랑구 봉화산로 35 1층,중랑구,37.48343774983494,127.01212053082338
이디야,우면동점,서울특별시 중랑구 봉화산로 35 1층,중랑구,37.6018095864644,127.078324330908
이디야,잠원논현점,서울특별시 중랑구 봉화산로 35 1층,중랑구,37.6018095864644,127.078324330908
이디야,청계산입구역점,서울특별시 중랑구 봉화산로 35 1층,중랑구,37.6018095864644,127.078324330908
이디야,함지박사거리점,서울특별시 중랑구 봉화산로 35 1층,중랑구,37.6018095864644,127.078324330908
이디야,고대개운점,서울특별시 중랑구 봉화산로 35 1층,중랑구,37.6018095864644,127.078324330908
이디야,고대점,서울특별시 중랑구 봉화산로 35 1층,중랑구,37.5846644662531,127.029558844368
이디야,고대타이거프라자점,서울특별시 중랑구 봉화산로 35 1층,중랑구,37.5887034223667,127.031698331241
이디야,길음뉴타운점,서울특별시 중랑구 봉화산로 35 1층,중랑구,37.6018095864644,127.078324330908
이디야,길음중앙점,서울특별시 중랑구 봉화산로 35 1층,중랑구,37.6102502835964,127.02987600544
이디야,돌곶이역점,서울특별시 중랑구 봉화산로 35 1층,중랑구,37.6018095864644,127.078324330908
이디야,동덕여대점,서울특별시 중랑구 봉화산로 35 1층,중랑구,37.6034898226234,127.042688569342
이디야,동소문동점,서울특별시 중랑구 봉화산로 35 1층,중랑구,37.6018095864644,127.078324330908
이디야,보문역점,서울특별시 중랑구 봉화산로 35 1층,중랑구,37.6018095864644,127.078324330908
이디야,석계중앙점,서울특별시 중랑구 봉화산로 35 1층,중랑구,37.6018095864644,127.078324330908
이디야,석관동점,서울특별시 중랑구 봉화산로 35 1층,중랑구,37.606523673300146,127.06226070129833
이디야,성신여대역점,서울특별시 중랑구 봉화산로 35 1층,중랑구,37.5939295699321,127.015893755022
이디야,성신여대점,서울특별시 중랑구 봉화산로 35 1층,중랑구,37.6018095864644,127.078324330908
이디야,안암래미안점,서울특별시 중랑구 봉화산로 35 1층,중랑구,37.58902457510121,127.02202493345699
이디야,월곡1동점,서울특별시 중랑구 봉화산로 35 1층,중랑구,37.6018095864644,127.078324330908
이디야,월곡동아점,서울특별시 중랑구 봉화산로 35 1층,중랑구,37.60628529015279,127.04566819751201
이디야,장위2동점,서울특별시 중랑구 봉화산로 35 1층,중랑구,37.6093060056288,127.052463640045
이디야,장위뉴타운점,서울특별시 중랑구 봉화산로 35 1층,중랑구,37.6177100595708,127.051043617995
이디야,장위동점,서울특별시 중랑구 봉화산로 35 1층,중랑구,37.6018095864644,127.078324330908
이디야,장위북서울꿈의숲점,서울특별시 중랑구 봉화산로 35 1층,중랑구,37.6186447150426,127.045615723434
이디야,장위중앙점,서울특별시 중랑구 봉화산로 35 1층,중랑구,37.6018095864644,127.078324330908
이디야,정릉중앙점,서울특별시 중랑구 봉화산로 35 1층,중랑구,37.6018095864644,127.078324330908
이디야,종암동점,서울특별시 중랑구 봉화산로 35 1층,중랑구,37.6018095864644,127.078324330908
이디야,하월곡동점,서울특별시 중랑구 봉화산로 35 1층,중랑구,37.6018095864644,127.078324330908
이디야,한성대점,서울특별시 중랑구 봉화산로 35 1층,중랑구,37.6018095864644,127.078324330908
이디야,가든파이브점,서울특별시 중랑구 봉화산로 35 1층,중랑구,37.4786173172251,127.119106729654
이디야,가든파이브테크노관점,서울특별시 중랑구 봉화산로 35 1층,중랑구,37.4776148442516,127.124961768886
이디야,가락몰점,서울특별시 중랑구 봉화산로 35 1층,중랑구,37.493255747885364,127.11673189696464
이디야,가락중앙점,서울특별시 중랑구 봉화산로 35 1층,중랑구,37.498303976004735,127.12087308454156
이디야,개롱역점,서울특별시 중랑구 봉화산로 35 1층,중랑구,37.497859860518204,127.13573191111163
이디야,거여점,서울특별시 중랑구 봉화산로 35 1층,중랑구,37.49352032166526,127.14434073545736
이디야,방이역점,서울특별시 중랑구 봉화산로 35 1층,중랑구,37.6018095864644,127.078324330908
이디야,방이초교점,서울특별시 중랑구 봉화산로 35 1층,중랑구,37.5127330893982,127.120016251041
이디야,삼전역점,서울특별시 중랑구 봉화산로 35 1층,중랑구,37.5027813622658,127.095799159025
이디야,삼전중앙점,서울특별시 중랑구 봉화산로 35 1층,중랑구,37.5036697979808,127.092579345276
이디야,서울삼성내과점,서울특별시 중랑구 봉화산로 35 1층,중랑구,37.5061702039866,127.08075330646
이디야,석촌백제점,서울특별시 중랑구 봉화산로 35 1층,중랑구,37.5056617466954,127.104455184706
이디야,석촌역점,서울특별시 중랑구 봉화산로 35 1층,중랑구,37.5071903282914,127.105841889845
이디야,송파문정점,서울특별시 중랑구 봉화산로 35 1층,중랑구,37.49292715289153,127.12526318784414
이디야,송파올림픽훼미리타운점,서울특별시 중랑구 봉화산로 35 1층,중랑구,37.49058756157332,127.11794613172696
이디야,송파위례점,서울특별시 중랑구 봉화산로 35 1층,중랑구,37.480845018993676,127.14280133733737
이디야,송파파인타운점,서울특별시 중랑구 봉화산로 35 1층,중랑구,37.6018095864644,127.078324330908
이디야,송파풍납점,서울특별시 중랑구 봉화산로 35 1층,중랑구,37.6018095864644,127.078324330908
이디야,오금중앙점,서울특별시 중랑구 봉화산로 35 1층,중랑구,37.5087791749502,127.1305037107547
이디야,올림픽공원점,서울특별시 중랑구 봉화산로 35 1층,중랑구,37.6018095864644,127.078324330908
이디야,올림픽프라자점,서울특별시 중랑구 봉화산로 35 1층,중랑구,37.51573785966157,127.13191560436993
이디야,위례포레샤인점,서울특별시 중랑구 봉화산로 35 1층,중랑구,37.47494648104577,127.13442428248332
이디야,잠실본동점,서울특별시 중랑구 봉화산로 35 1층,중랑구,37.5047208554957,127.085852293902
이디야,잠실역점,서울특별시 중랑구 봉화산로 35 1층,중랑구,37.51353974735096,127.0993615087665
이디야,강서초교점,서울특별시 중랑구 봉화산로 35 1층,중랑구,37.6018095864644,127.078324330908
이디야,남부지방법원점,서울특별시 중랑구 봉화산로 35 1층,중랑구,37.5215008347482,126.862615322582
이디야,목3동점,서울특별시 중랑구 봉화산로 35 1층,중랑구,37.6018095864644,127.078324330908
이디야,목4동점,서울특별시 중랑구 봉화산로 35 1층,중랑구,37.6018095864644,127.078324330908
이디야,목동등촌로점,서울특별시 중랑구 봉화산로 35 1층,중랑구,37.6018095864644,127.078324330908
이디야,목동센트럴아이파크위브점,서울특별시 중랑구 봉화산로 35 1층,중랑구,37.5152188104643,126.840692066592
이디야,목동신목점,서울특별시 중랑구 봉화산로 35 1층,중랑구,37.6018095864644,127.078324330908
이디야,목동신트리점,서울특별시 중랑구 봉화산로 35 1층,중랑구,37.51332646905488,126.85550236470392
이디야,목동아델리체점,서울특별시 중랑구 봉화산로 35 1층,중랑구,37.51805318749786,126.85263139671464
이디야,목동파라곤점,서울특별시 중랑구 봉화산로 35 1층,중랑구,37.6018095864644,127.078324330908
이디야,목동파리공원점,서울특별시 중랑구 봉화산로 35 1층,중랑구,37.6018095864644,127.078324330908
이디야,서남병원점,서울특별시 중랑구 봉화산로 35 1층,중랑구,37.6018095864644,127.078324330908
이디야,신월5동점,서울특별시 중랑구 봉화산로 35 1층,중랑구,37.6018095864644,127.078324330908
이디야,신월7동점,서울특별시 중랑구 봉화산로 35 1층,중랑구,37.6018095864644,127.078324330908
이디야,신월사거리점,서울특별시 중랑구 봉화산로 35 1층,중랑구,37.5356741789955,126.828923065237
이디야,신월신곡시장점,서울특별시 중랑구 봉화산로 35 1층,중랑구,37.6018095864644,127.078324330908
이디야,신정네거리역점,서울특별시 중랑구 봉화산로 35 1층,중랑구,37.6018095864644,127.078324330908
이디야,신정서부점,서울특별시 중랑구 봉화산로 35 1층,중랑구,37.6018095864644,127.078324330908
이디야,양천구청점,서울특별시 중랑구 봉화산로 35 1층,중랑구,37.6018095864644,127.078324330908
이디야,오목교대학학원점,서울특별시 중랑구 봉화산로 35 1층,중랑구,37.6018095864644,127.078324330908
이디야,KBS별관점,서울특별시 중랑구 봉화산로 35 1층,중랑구,37.5196744579443,126.928930989749
이디야,국회의사당역점,서울특별시 중랑구 봉화산로 35 1층,중랑구,37.526869878743,126.917843631999
이디야,남부고용센터점,서울특별시 중랑구 봉화산로 35 1층,중랑구,37.525029038125,126.891103928762
이디야,당산버드나루점,서울특별시 중랑구 봉화산로 35 1층,중랑구,37.6018095864644,127.078324330908
이디야,당산역점,서울특별시 중랑구 봉화산로 35 1층,중랑구,37.6018095864644,127.078324330908
이디야,당산중앙점,서울특별시 중랑구 봉화산로 35 1층,중랑구,37.6018095864644,127.078324330908
이디야,대림1동점,서울특별시 중랑구 봉화산로 35 1층,중랑구,37.49647205091008,126.9028549432193
이디야,대림3동점,서울특별시 중랑구 봉화산로 35 1층,중랑구,37.6018095864644,127.078324330908
이디야,대림역점,서울특별시 중랑구 봉화산로 35 1층,중랑구,37.6018095864644,127.078324330908
이디야,도림사거리점,서울특별시 중랑구 봉화산로 35 1층,중랑구,37.6018095864644,127.078324330908
이디야,도림점,서울특별시 중랑구 봉화산로 35 1층,중랑구,37.6018095864644,127.078324330908
이디야,라이프점,서울특별시 중랑구 봉화산로 35 1층,중랑구,37.5196351977246,126.939136417577
이디야,보라매역점,서울특별시 중랑구 봉화산로 35 1층,중랑구,37.6018095864644,127.078324330908
이디야,서여의도점,서울특별시 중랑구 봉화산로 35 1층,중랑구,37.5303335810073,126.919916432847
이디야,선유도역점,서울특별시 중랑구 봉화산로 35 1층,중랑구,37.6018095864644,127.078324330908
이디야,신길성애병원점,서울특별시 중랑구 봉화산로 35 1층,중랑구,37.511854826249035,126.92152601914932
이디야,신길썬프라자점,서울특별시 중랑구 봉화산로 35 1층,중랑구,37.6018095864644,127.078324330908
이디야,신길아이파크점,서울특별시 중랑구 봉화산로 35 1층,중랑구,37.6018095864644,127.078324330908
이디야,신길역점,서울특별시 중랑구 봉화산로 35 1층,중랑구,37.6018095864644,127.078324330908
이디야,양평동2가점,서울특별시 중랑구 봉화산로 35 1층,중랑구,37.524529915593526,126.88358139719749
이디야,여의나루역점,서울특별시 중랑구 봉화산로 35 1층,중랑구,37.5260558187275,126.930769729764
이디야,여의도농협재단점,서울특별시 중랑구 봉화산로 35 1층,중랑구,37.5220163808659,126.930048684376
이디야,여의도역점,서울특별시 중랑구 봉화산로 35 1층,중랑구,37.5210144173791,126.923991634451
이디야,영등포knk점,서울특별시 중랑구 봉화산로 35 1층,중랑구,37.52667482397141,126.90422425738349
이디야,영등포그랜드점,서울특별시 중랑구 봉화산로 35 1층,중랑구,37.526790955173,126.888600855285
이디야,영등포시장점,서울특별시 중랑구 봉화산로 35 1층,중랑구,37.6018095864644,127.078324330908
이디야,영등포아크로타워점,서울특별시 중랑구 봉화산로 35 1층,중랑구,37.6018095864644,127.078324330908
이디야,영등포에이스점,서울특별시 중랑구 봉화산로 35 1층,중랑구,37.6018095864644,127.078324330908
이디야,영등포점,서울특별시 중랑구 봉화산로 35 1층,중랑구,37.51787131047062,126.90613304012865
이디야,영등포코레일점,서울특별시 중랑구 봉화산로 35 1층,중랑구,37.5156680341198,126.907665995469
이디야,영등포홈플러스점,서울특별시 중랑구 봉화산로 35 1층,중랑구,37.50324896699568,127.02455282046348
이디야,한강성심병원점,서울특별시 중랑구 봉화산로 35 1층,중랑구,37.6018095864644,127.078324330908
이디야,한국수출입은행점,서울특별시 중랑구 봉화산로 35 1층,중랑구,37.5286372332436,126.923399003703
이디야,힐스테이트클래시안점,서울특별시 중랑구 봉화산로 35 1층,중랑구,37.50498841878383,126.91093600723607
이디야,갈현점,서울특별시 중랑구 봉화산로 35 1층,중랑구,37.6018095864644,127.078324330908
이디야,구산사거리점,서울특별시 중랑구 봉화산로 35 1층,중랑구,37.61346014720294,126.91190260226251
이디야,구산역점,서울특별시 중랑구 봉화산로 35 1층,중랑구,37.611979902816174,126.91762675639762
이디야,구파발역점,서울특별시 중랑구 봉화산로 35 1층,중랑구,37.6018095864644,127.078324330908
이디야,녹번동점,서울특별시 중랑구 봉화산로 35 1층,중랑구,37.60875371667509,126.92690582152823
이디야,백련산아이파크점,서울특별시 중랑구 봉화산로 35 1층,중랑구,37.59534169809925,126.91882273114795
이디야,본서부병원점,서울특별시 중랑구 봉화산로 35 1층,중랑구,37.60130668380729,126.92212973358569
이디야,불광중앙점,서울특별시 중랑구 봉화산로 35 1층,중랑구,37.61232903413161,126.93174133362822
이디야,새절역점,서울특별시 중랑구 봉화산로 35 1층,중랑구,37.59318462886998,126.91361081200473
이디야,서광교회점,서울특별시 중랑구 봉화산로 35 1층,중랑구,37.6277461902526,126.919185124303
이디야,수색역점,서울특별시 중랑구 봉화산로 35 1층,중랑구,37.581926311730484,126.89630783479784
이디야,역촌동점,서울특별시 중랑구 봉화산로 35 1층,중랑구,37.60527601006437,126.91070049318746
이디야,역촌사거리점,서울특별시 중랑구 봉화산로 35 1층,중랑구,37.60895709646973,126.92093711755628
이디야,역촌역점,서울특별시 중랑구 봉화산로 35 1층,중랑구,37.6054420445568,126.922124290438
이디야,역촌진흥로점,서울특별시 중랑구 봉화산로 35 1층,중랑구,37.60076733486699,126.91863338447128
이디야,연신내역점,서울특별시 중랑구 봉화산로 35 1층,중랑구,37.6188948297727,126.919884176889
이디야,연신내통일로점,서울특별시 중랑구 봉화산로 35 1층,중랑구,37.6018095864644,127.078324330908
이디야,은평구청점,서울특별시 중랑구 봉화산로 35 1층,중랑구,37.601551874463,126.92948914955393
이디야,은평뉴타운점,서울특별시 중랑구 봉화산로 35 1층,중랑구,37.6018095864644,127.078324330908
이디야,은평신사점,서울특별시 중랑구 봉화산로 35 1층,중랑구,37.5992730543067,126.907863200941
이디야,응암역점,서울특별시 중랑구 봉화산로 35 1층,중랑구,37.600098929318705,126.91561001336949
이디야,응암오거리점,서울특별시 중랑구 봉화산로 35 1층,중랑구,37.59090765819004,126.91715178773087
이디야,응암중앙점,서울특별시 중랑구 봉화산로 35 1층,중랑구,37.588465564633815,126.91657705577255
이디야,증산동점,서울특별시 중랑구 봉화산로 35 1층,중랑구,37.5833665429509,126.906550600654
이디야,경복궁역점,서울특별시 중랑구 봉화산로 35 1층,중랑구,37.5767147965826,126.972206795305
이디야,경희궁점,서울특별시 중랑구 봉화산로 35 1층,중랑구,37.5716953499755,126.970696336246
이디야,광화문점,서울특별시 중랑구 봉화산로 35 1층,중랑구,37.57150699708368,126.97565344843615
이디야,낙원동점,서울특별시 중랑구 봉화산로 35 1층,중랑구,37.6018095864644,127.078324330908
이디야,대학로점,서울특별시 중랑구 봉화산로 35 1층,중랑구,37.6018095864644,127.078324330908
이디야,독립문역점,서울특별시 중랑구 봉화산로 35 1층,중랑구,37.6018095864644,127.078324330908
이디야,동대문역점,서울특별시 중랑구 봉화산로 35 1층,중랑구,37.57184800694998,127.00805518188871
이디야,동묘역점,서울특별시 중랑구 봉화산로 35 1층,중랑구,37.6018095864644,127.078324330908
이디야,배화여대점,서울특별시 중랑구 봉화산로 35 1층,중랑구,37.6018095864644,127.078324330908
이디야,북촌마을점,서울특별시 중랑구 봉화산로 35 1층,중랑구,37.5793376128612,126.982701926649
이디야,삼일빌딩점,서울특별시 중랑구 봉화산로 35 1층,중랑구,37.6018095864644,127.078324330908
이디야,상명대점,서울특별시 중랑구 봉화산로 35 1층,중랑구,37.6018095864644,127.078324330908
이디야,성균관대점,서울특별시 중랑구 봉화산로 35 1층,중랑구,37.6018095864644,127.078324330908
이디야,숭인점,서울특별시 중랑구 봉화산로 35 1층,중랑구,37.6018095864644,127.078324330908
이디야,신설점,서울특별시 중랑구 봉화산로 35 1층,중랑구,37.5742373886978,127.021476077131
이디야,안국역사점,서울특별시 중랑구 봉화산로 35 1층,중랑구,37.5767203705556,126.985823042976
이디야,종로3가점,서울특별시 중랑구 봉화산로 35 1층,중랑구,37.6018095864644,127.078324330908
이디야,종로4가점,서울특별시 중랑구 봉화산로 35 1층,중랑구,37.6018095864644,127.078324330908
이디야,종로5가점,서울특별시 중랑구 봉화산로 35 1층,중랑구,37.574075527144224,127.00182933693897
이디야,종로교차로점,서울특별시 중랑구 봉화산로 35 1층,중랑구,37.57062831400788,127.00218468908556
이디야,종로구청점,서울특별시 중랑구 봉화산로 35 1층,중랑구,37.6018095864644,127.078324330908
이디야,종로삼일대로점,서울특별시 중랑구 봉화산로 35 1층,중랑구,37.6018095864644,127.078324330908
이디야,종로이화동점,서울특별시 중랑구 봉화산로 35 1층,중랑구,37.5774862427837,127.008183259977
이디야,종로타워점,서울특별시 중랑구 봉화산로 35 1층,중랑구,37.6018095864644,127.078324330908
이디야,창덕궁점,서울특별시 중랑구 봉화산로 35 1층,중랑구,37.57228044824555,126.99142858488984
이디야,창신동점,서울특별시 중랑구 봉화산로 35 1층,중랑구,37.6018095864644,127.078324330908
이디야,창신중앙점,서울특별시 중랑구 봉화산로 35 1층,중랑구,37.6018095864644,127.078324330908
이디야,탑골공원점,서울특별시 중랑구 봉화산로 35 1층,중랑구,37.6018095864644,127.078324330908
이디야,혜화동로터리점,서울특별시 중랑구 봉화산로 35 1층,중랑구,37.6018095864644,127.078324330908
이디야,혜화역점,서울특별시 중랑구 봉화산로 35 1층,중랑구,37.6018095864644,127.078324330908
이디야,IBK본점,서울특별시 중랑구 봉화산로 35 1층,중랑구,37.56644251292965,126.98717557400126
이디야,광희동점,서울특별시 중랑구 봉화산로 35 1층,중랑구,37.6018095864644,127.078324330908
이디야,다동점,서울특별시 중랑구 봉화산로 35 1층,중랑구,37.6018095864644,127.078324330908
이디야,동국대후문점,서울특별시 중랑구 봉화산로 35 1층,중랑구,37.5625572053404,126.9986915916533
이디야,동대문점,서울특별시 중랑구 봉화산로 35 1층,중랑구,37.6018095864644,127.078324330908
이디야,동대문팀204점,서울특별시 중랑구 봉화산로 35 1층,중랑구,37.5677127859728,127.013196592402
이디야,동평화점,서울특별시 중랑구 봉화산로 35 1층,중랑구,37.6018095864644,127.078324330908
이디야,만리동고개점,서울특별시 중랑구 봉화산로 35 1층,중랑구,37.55193347815062,126.96257532807736
이디야,명동거리점,서울특별시 중랑구 봉화산로 35 1층,중랑구,37.5617602798822,126.985404271845
이디야,명동역점,서울특별시 중랑구 봉화산로 35 1층,중랑구,37.6018095864644,127.078324330908
이디야,명동중앙점,서울특별시 중랑구 봉화산로 35 1층,중랑구,37.5647312946952,126.983858910559
이디야,북창동점,서울특별시 중랑구 봉화산로 35 1층,중랑구,37.6018095864644,127.078324330908
이디야,서소문점,서울특별시 중랑구 봉화산로 35 1층,중랑구,37.5632737727618,126.973094520683
이디야,서울시청점,서울특별시 중랑구 봉화산로 35 1층,중랑구,37.5671518187227,126.978729588014
이디야,신당점,서울특별시 중랑구 봉화산로 35 1층,중랑구,37.6018095864644,127.078324330908
이디야,신당중앙점,서울특별시 중랑구 봉화산로 35 1층,중랑구,37.6018095864644,127.078324330908
이디야,약수역점,서울특별시 중랑구 봉화산로 35 1층,중랑구,37.6018095864644,127.078324330908
이디야,오장동점,서울특별시 중랑구 봉화산로 35 1층,중랑구,37.6018095864644,127.078324330908
이디야,을지로3가점,서울특별시 중랑구 봉화산로 35 1층,중랑구,37.6018095864644,127.078324330908
이디야,을지로중앙점,서울특별시 중랑구 봉화산로 35 1층,중랑구,37.5644739023203,126.993478277513
이디야,정동점,서울특별시 중랑구 봉화산로 35 1층,중랑구,37.6018095864644,127.078324330908
이디야,중림브라운스톤점,서울특별시 중랑구 봉화산로 35 1층,중랑구,37.5608187887289,126.968225883547
이디야,충무로점,서울특별시 중랑구 봉화산로 35 1층,중랑구,37.6018095864644,127.078324330908
이디야,충무아트홀점,서울특별시 중랑구 봉화산로 35 1층,중랑구,37.6018095864644,127.078324330908
이디야,충무필동점,서울특별시 중랑구 봉화산로 35 1층,중랑구,37.6018095864644,127.078324330908
이디야,태평로점,서울특별시 중랑구 봉화산로 35 1층,중랑구,37.5623140006705,126.974582779311
이디야,퇴계로2길점,서울특별시 중랑구 봉화산로 35 1층,중랑구,37.55756848236245,126.97740146915775
이디야,한국은행점,서울특별시 중랑구 봉화산로 35 1층,중랑구,37.6018095864644,127.078324330908
이디야,회현SK리더스점,서울특별시 중랑구 봉화산로 35 1층,중랑구,37.6018095864644,127.078324330908
이디야,강동고덕교차로점,서울특별시 중랑구 봉화산로 35 1층,중랑구,37.5574052401914,127.172575598882
이디야,강동구청점,서울특별시 중랑구 봉화산로 35 1층,중랑구,37.6018095864644,127.078324330908
이디야,강동성내점,서울특별시 중랑구 봉화산로 35 1층,중랑구,37.5305040538801,127.129853009462
이디야,강동신명초교점,서울특별시 중랑구 봉화산로 35 1층,중랑구,37.5411339937801,127.147402025244
이디야,강동역점,서울특별시 중랑구 봉화산로 35 1층,중랑구,37.6018095864644,127.078324330908
이디야,고덕강일2지구점,서울특별시 중랑구 봉화산로 35 1층,중랑구,37.5724724003773,127.175933655982
이디야,고덕그라시움후문점,서울특별시 중랑구 봉화산로 35 1층,중랑구,37.56039666265223,127.16370018873648
이디야,고덕점,서울특별시 중랑구 봉화산로 35 1층,중랑구,37.55413723208973,127.15518054387726
이디야,굽은다리역점,서울특별시 중랑구 봉화산로 35 1층,중랑구,37.6018095864644,127.078324330908
이디야,길동사거리점,서울특별시 중랑구 봉화산로 35 1층,중랑구,37.6018095864644,127.078324330908
이디야,길동역점,서울특별시 중랑구 봉화산로 35 1층,중랑구,37.6018095864644,127.078324330908
이디야,길동중앙점,서울특별시 중랑구 봉화산로 35 1층,중랑구,37.6018095864644,127.078324330908
이디야,둔촌점,서울특별시 중랑구 봉화산로 35 1층,중랑구,37.6018095864644,127.078324330908
이디야,명일역점,서울특별시 중랑구 봉화산로 35 1층,중랑구,37.550410338798194,127.14556505383719
이디야,명일중앙점,서울특별시 중랑구 봉화산로 35 1층,중랑구,37.5462992589271,127.145789262651
이디야,보훈병원점,서울특별시 중랑구 봉화산로 35 1층,중랑구,37.6018095864644,127.078324330908
이디야,상일리엔파크점,서울특별시 중랑구 봉화산로 35 1층,중랑구,37.55139001231505,127.17398322022565
이디야,암사중앙점,서울특별시 중랑구 봉화산로 35 1층,중랑구,37.5513635720856,127.134728442286
이디야,올림픽북문점,서울특별시 중랑구 봉화산로 35 1층,중랑구,37.6018095864644,127.078324330908
이디야,천호1동점,서울특별시 중랑구 봉화산로 35 1층,중랑구,37.5425666122483,127.13359431159
이디야,천호로데오점,서울특별시 중랑구 봉화산로 35 1층,중랑구,37.6018095864644,127.078324330908
이디야,천호중앙점,서울특별시 중랑구 봉화산로 35 1층,중랑구,37.54016837687974,127.12456936024019
이디야,천호초교사거리점,서울특별시 중랑구 봉화산로 35 1층,중랑구,37.5467270340876,127.134809493652
이디야,천호현대점,서울특별시 중랑구 봉화산로 35 1층,중랑구,37.6018095864644,127.078324330908
이디야,개봉북부점,서울특별시 중랑구 봉화산로 35 1층,중랑구,37.6018095864644,127.078324330908
이디야,개봉역점,서울특별시 중랑구 봉화산로 35 1층,중랑구,37.49425567906598,126.85837744421302
이디야,개봉현대점,서울특별시 중랑구 봉화산로 35 1층,중랑구,37.6018095864644,127.078324330908
이디야,고척사거리점,서울특별시 중랑구 봉화산로 35 1층,중랑구,37.50590782693333,126.8582904039366
이디야,고척스카이돔점,서울특별시 중랑구 봉화산로 35 1층,중랑구,37.49757339497824,126.86392369544526
이디야,구로NC점,서울특별시 중랑구 봉화산로 35 1층,중랑구,37.6018095864644,127.078324330908
이디야,구로구청점,서울특별시 중랑구 봉화산로 35 1층,중랑구,37.4966251468796,126.890315032666
이디야,구로궁동점,서울특별시 중랑구 봉화산로 35 1층,중랑구,37.497825883946476,126.82937821925746
이디야,구로미성점,서울특별시 중랑구 봉화산로 35 1층,중랑구,37.50618302845446,126.87671651690317
이디야,구로역광장점,서울특별시 중랑구 봉화산로 35 1층,중랑구,37.50330519053889,126.88108330547095
이디야,구로이마트점,서울특별시 중랑구 봉화산로 35 1층,중랑구,37.6018095864644,127.078324330908
이디야,구로코레일점,서울특별시 중랑구 봉화산로 35 1층,중랑구,37.50246213304171,126.88136511388151
이디야,구로하버라인점,서울특별시 중랑구 봉화산로 35 1층,중랑구,37.4808134179081,126.824263948518
이디야,구일역점,서울특별시 중랑구 봉화산로 35 1층,중랑구,37.49494013521619,126.87192053744891
이디야,남구로역점,서울특별시 중랑구 봉화산로 35 1층,중랑구,37.6018095864644,127.078324330908
이디야,성공회대점,서울특별시 중랑구 봉화산로 35 1층,중랑구,37.6018095864644,127.078324330908
이디야,신도림메르디앙점,서울특별시 중랑구 봉화산로 35 1층,중랑구,37.6018095864644,127.078324330908
이디야,신도림테크노마트점,서울특별시 중랑구 봉화산로 35 1층,중랑구,37.6018095864644,127.078324330908
이디야,오류남부점,서울특별시 중랑구 봉화산로 35 1층,중랑구,37.6018095864644,127.078324330908
이디야,오류북부역점,서울특별시 중랑구 봉화산로 35 1층,중랑구,37.6018095864644,127.078324330908
이디야,천왕이펜하우스점,서울특별시 중랑구 봉화산로 35 1층,중랑구,37.6018095864644,127.078324330908
이디야,경희대점,서울특별시 중랑구 봉화산로 35 1층,중랑구,37.59203327648363,127.05250416385545
이디야,경희대캠퍼스점,서울특별시 중랑구 봉화산로 35 1층,중랑구,37.595279710668244,127.05111084006763
이디야,답십리사거리점,서울특별시 중랑구 봉화산로 35 1층,중랑구,37.573052190180896,127.05611323484102
이디야,답십리파크자이점,서울특별시 중랑구 봉화산로 35 1층,중랑구,37.5669101962131,127.061880899304
이디야,동대문구청점,서울특별시 중랑구 봉화산로 35 1층,중랑구,37.5736135434364,127.040640800113
이디야,동부병원사거리점,서울특별시 중랑구 봉화산로 35 1층,중랑구,37.6018095864644,127.078324330908
이디야,배봉초교사거리점,서울특별시 중랑구 봉화산로 35 1층,중랑구,37.6018095864644,127.078324330908
이디야,서울시립대점,서울특별시 중랑구 봉화산로 35 1층,중랑구,37.58327457593998,127.0548189288785
이디야,신설동역점,서울특별시 중랑구 봉화산로 35 1층,중랑구,37.57504733413244,127.02493296369806
이디야,용두동사거리점,서울특별시 중랑구 봉화산로 35 1층,중랑구,37.6018095864644,127.078324330908
이디야,용두동점,서울특별시 중랑구 봉화산로 35 1층,중랑구,37.6018095864644,127.078324330908
이디야,이문점,서울특별시 중랑구 봉화산로 35 1층,중랑구,37.6018095864644,127.078324330908
이디야,장안동사거리점,서울특별시 중랑구 봉화산로 35 1층,중랑구,37.6018095864644,127.078324330908
이디야,장안동점,서울특별시 중랑구 봉화산로 35 1층,중랑구,37.6018095864644,127.078324330908
이디야,장안중랑천점,서울특별시 중랑구 봉화산로 35 1층,중랑구,37.56754823943685,127.07077591338621
이디야,장안중앙점,서울특별시 중랑구 봉화산로 35 1층,중랑구,37.6018095864644,127.078324330908
이디야,장한평군자초교점,서울특별시 중랑구 봉화산로 35 1층,중랑구,37.562872788703984,127.06144791110912
이디야,전농사거리점,서울특별시 중랑구 봉화산로 35 1층,중랑구,37.6018095864644,127.078324330908
이디야,청량리점,서울특별시 중랑구 봉화산로 35 1층,중랑구,37.6018095864644,127.078324330908
이디야,촬영소사거리점,서울특별시 중랑구 봉화산로 35 1층,중랑구,37.6018095864644,127.078324330908
이디야,회기역중앙점,서울특별시 중랑구 봉화산로 35 1층,중랑구,37.58980550001833,127.05749583678211
이디야,논골사거리점,서울특별시 중랑구 봉화산로 35 1층,중랑구,37.6018095864644,127.078324330908
이디야,마장동점,서울특별시 중랑구 봉화산로 35 1층,중랑구,37.6018095864644,127.078324330908
이디야,마장역점,서울특별시 중랑구 봉화산로 35 1층,중랑구,37.6018095864644,127.078324330908
이디야,상왕십리역점,서울특별시 중랑구 봉화산로 35 1층,중랑구,37.6018095864644,127.078324330908
이디야,성동구청점,서울특별시 중랑구 봉화산로 35 1층,중랑구,37.6018095864644,127.078324330908
이디야,성수2가점,서울특별시 중랑구 봉화산로 35 1층,중랑구,37.6018095864644,127.078324330908
이디야,성수아카데미점,서울특별시 중랑구 봉화산로 35 1층,중랑구,37.6018095864644,127.078324330908
이디야,성수우리W타워점,서울특별시 중랑구 봉화산로 35 1층,중랑구,37.54487737059238,127.06190839848826
이디야,성수중앙점,서울특별시 중랑구 봉화산로 35 1층,중랑구,37.6018095864644,127.078324330908
이디야,신금호역점,서울특별시 중랑구 봉화산로 35 1층,중랑구,37.6018095864644,127.078324330908
이디야,옥수동점,서울특별시 중랑구 봉화산로 35 1층,중랑구,37.6018095864644,127.078324330908
이디야,왕십리비트플렉스점,서울특별시 중랑구 봉화산로 35 1층,중랑구,37.6018095864644,127.078324330908
이디야,왕십리센트라스점,서울특별시 중랑구 봉화산로 35 1층,중랑구,37.6018095864644,127.078324330908
이디야,왕십리역점,서울특별시 중랑구 봉화산로 35 1층,중랑구,37.6018095864644,127.078324330908
이디야,응봉동점,서울특별시 중랑구 봉화산로 35 1층,중랑구,37.6018095864644,127.078324330908
이디야,텐즈힐점,서울특별시 중랑구 봉화산로 35 1층,중랑구,37.6018095864644,127.078324330908
이디야,IBK고객센터점,서울특별시 중랑구 봉화산로 35 1층,중랑구,37.53494410336005,127.00692431290224
이디야,동부이촌동점,서울특별시 중랑구 봉화산로 35 1층,중랑구,37.6018095864644,127.078324330908
이디야,동자동점,서울특별시 중랑구 봉화산로 35 1층,중랑구,37.6018095864644,127.078324330908
이디야,삼각지점,서울특별시 중랑구 봉화산로 35 1층,중랑구,37.6018095864644,127.078324330908
이디야,숙대입구역점,서울특별시 중랑구 봉화산로 35 1층,중랑구,37.6018095864644,127.078324330908
이디야,순천향병원점,서울특별시 중랑구 봉화산로 35 1층,중랑구,37.6018095864644,127.078324330908
이디야,용문점,서울특별시 중랑구 봉화산로 35 1층,중랑구,37.53584882357322,126.9611373908156
이디야,용산원효점,서울특별시 중랑구 봉화산로 35 1층,중랑구,37.5325054872953,126.951642152118
이디야,용산청파점,서울특별시 중랑구 봉화산로 35 1층,중랑구,37.5494639189725,126.969413497587
이디야,용산효창점,서울특별시 중랑구 봉화산로 35 1층,중랑구,37.540537976136086,126.96220762686157
이디야,원효로점,서울특별시 중랑구 봉화산로 35 1층,중랑구,37.6018095864644,127.078324330908
